Organisation Name,Town/City,County,Type & Rating,Route
A D Foods Ltd,London,Unknown,Worker (A rating),Skilled Worker
A3/C Partners Llp,London,London,Worker (A rating),Skilled Worker
A5 Ng1 Ltd T/A Papa Johns Pizza,Coventry,Unknown,Worker (A rating),Skilled Worker
Aam Insulation Uk Limited,Coventry,Unknown,Worker (A rating),Skilled Worker
Abacus Nursery School,London,Unknown,Worker (A rating),Skilled Worker
Abbey Road Estates Limited,London,Unknown,Worker (A rating),Skilled Worker
Abdul Halal Meat Marsh Farm Ltd,Luton,Unknown,Worker (A rating),Skilled Worker
Accounts & Tax Int Ltd,London,Unknown,Worker (A rating),Skilled Worker
Acebridge Education Ltd,London,Unknown,Worker (A rating),Skilled Worker
Achieving Above Average Ltd,London,Unknown,Worker (A rating),Skilled Worker
Acx Instruments Ltd,Cambridge,Unknown,Worker (A rating),Skilled Worker
Adams Loft Ltd,Glasgow,Unknown,Worker (A rating),Skilled Worker
Adora Hospitality Ltd,Portsmouth,Hampshire,Worker (A rating),Skilled Worker
Advanced Musculoskeletal Ultrasound Ltd,Dartford,Kent,Worker (A rating),Skilled Worker
Advokatfirmaet Kromann Reumert,London,Unknown,Worker (A rating),Global Business Mobility: Senior or Specialist Worker
Afro Wight Ltd,Newport,Isle of Wight,Worker (A rating),Skilled Worker
Agee Care Limited,Stoke-On-Trent,Staffordshire,Worker (A rating),Skilled Worker
"Agencia Efe,S.A.",London,Unknown,Worker (A rating),Skilled Worker
Agilerl Ltd,London,Unknown,Worker (A rating),Skilled Worker
Agreementsdesk Limited,London,Unknown,Worker (A rating),Skilled Worker
Agroexcel International Ltd,Long Eaton,Nottingham,Worker (A rating),Skilled Worker
Agrovista Uk Ltd,Nottingham,Unknown,Worker (A rating),Skilled Worker
Agt Farms Ltd,Gloucester,Gloucestershire,Worker (A rating),Skilled Worker
Ahro Center For Academic Research Limited, London,Unknown,Worker (A rating),Skilled Worker
Ailux Group Limited,LONDON,Unknown,Worker (A rating),Skilled Worker
Aira Textiles Limited,Manchester,Unknown,Worker (A rating),Skilled Worker
Aiyma Ltd,PETERBOROUGH,CAMBS,Worker (A rating),Skilled Worker
Aj Boat Canopies Ltd,Daventry,Northamptonshire,Worker (A rating),Skilled Worker
Ajms Consultants,Leeds,Unknown,Worker (A rating),Skilled Worker
Alcas Limited,Hertford,Hertfordshire,Worker (A rating),Skilled Worker
Alfa Management Nw Ltd,Oldham,Unknown,Worker (A rating),Skilled Worker
Algo1 Limited,London,Unknown,Worker (A rating),Skilled Worker
Alifya Education Ltd,London,Unknown,Worker (A rating),Skilled Worker
All Saints Benhilton Primary School,Sutton,Choose County,Worker (A rating),Skilled Worker
Allocator One Limited,Brighton,Unknown,Worker (A rating),Skilled Worker
Alora Forecourt Limited,Northolt,Unknown,Worker (A rating),Skilled Worker
Am Professional Ltd,Manchester,Unknown,Worker (A rating),Skilled Worker
Anri Convenience Store,AMERSHAM,BUCKINGHAMSHIRE,Worker (A rating),Skilled Worker
Anwa Properties Ltd,London,Unknown,Worker (A rating),Skilled Worker
Arb Planning Ltd,"Romford,",Unknown,Worker (A rating),Skilled Worker
Archilizer Ltd,London,Unknown,Worker (A rating),Skilled Worker
Ariya African Restaurant & Bar,Bradford,Unknown,Worker (A rating),Skilled Worker
Arjunli Limited,Swindon,Unknown,Worker (A rating),Skilled Worker
Arsh Enterprises Ltd,Manchester,Unknown,Worker (A rating),Skilled Worker
Artbloc Company Ltd,Coventry,Unknown,Worker (A rating),Skilled Worker
Asgard Ventures Limited T/A Nagerkovil Arya Bhavan,Tolworth,Surrey,Worker (A rating),Skilled Worker
Asm Express Ltd,London,Unknown,Worker (A rating),Skilled Worker
Aspire Laboratories Ltd,East Dagenham,Unknown,Worker (A rating),Skilled Worker
Atempo Growth,London,Unknown,Worker (A rating),Skilled Worker
Atmiya Enterprise Ltd,Clifton,Nottingham,Worker (A rating),Skilled Worker
Aura Energy Uk Limited,London,Unknown,Worker (UK Expansion Worker: Provisional),Global Business Mobility: UK Expansion Worker
Aurora Energy Research Ltd,Oxford,Unknown,Worker (A rating),Skilled Worker
Avondale Care Home Limited,Leigh-on-Sea,Unknown,Worker (A rating),Skilled Worker
Az Beauty & Hair Ltd,Croydon,Unknown,Worker (A rating),Skilled Worker
Back To Basics Care & Training Limited,LIanelli,Carmarthenshire,Worker (A rating),Skilled Worker
Barter For Things Ltd,Eastleigh,Hampshire,Worker (A rating),Skilled Worker
Bartley Green School,Birmingham,Unknown,Worker (A rating),Skilled Worker
Basil Sheils Bar & Restaurant Ltd,TASSAGH,NORTHERN IRELAND,Worker (A rating),Skilled Worker
Basingstoke Bison,Basingstoke,Unknown,Worker (A rating),International Sportsperson
Bathgate House Limited,BATHGATE,Unknown,Worker (A rating),Skilled Worker
Bb Newworxs Ltd,London,Unknown,Worker (UK Expansion Worker: Provisional),Global Business Mobility: UK Expansion Worker
Beacon Medical,Cleethorpes,NE Lincs,Worker (A rating),Skilled Worker
Belleza Beauty & Spa Ltd T/A Belleza Beauty,Colchester,Unknown,Worker (A rating),Skilled Worker
Belmont Healthcare (Copper) Limited T/A Belmont Healthcare (Copper Beeches) Limited,Redditch,Worcestershir,Worker (A rating),Skilled Worker
Bennett Hay Ltd.,London,Unknown,Worker (A rating),Skilled Worker
Best Deal Shipping Ltd,LEICESTER,Unknown,Worker (A rating),Skilled Worker
Beta Capital Management (Uk) Limited,London,England,Worker (A rating),Skilled Worker
Beur Limited,London,Unknown,Worker (A rating),Skilled Worker
Bfc Distribution Limited T/A B F C Distribution,London,Unknown,Worker (A rating),Skilled Worker
Bharat Ventures Limited T/A Morrisons,London,Unknown,Worker (A rating),Skilled Worker
Bigger Boat Group Limited,Manchester,Unknown,Worker (A rating),Skilled Worker
Birch Care Ltd,Stockport,Unknown,Worker (A rating),Skilled Worker
Birmingham Repertory Theatre Ltd,Birmingham,Unknown,Temporary Worker (A rating),Charity Worker
Bishop'S Stratford Ms Sushi Ltd,OXFORD,Unknown,Worker (A rating),Skilled Worker
Blackburn International (Uk) Limited,Surrey,Unknown,Worker (A rating),Skilled Worker
Blb Lakeside Ltd T/A Brick Lane Bagel Co,Grays,Unknown,Worker (A rating),Skilled Worker
Blue Moon Grocery Store Ltd,London,Unknown,Worker (A rating),Skilled Worker
Blyth Hall Management Services Limited,Atherstone,Unknown,Worker (A rating),Skilled Worker
Brava Cars Ltd,Redditch,Unknown,Worker (A rating),Skilled Worker
Bright Start Day Nursery Ltd,London,Unknown,Worker (A rating),Skilled Worker
Brio Real Estate (Uk) Limited,London,Unknown,Worker (A rating),Skilled Worker
Broadway Academy Trust,Birmingham,West Midlands,Worker (A rating),Skilled Worker
Bs Care Providers  Ltd,Arnold,Nottingham,Worker (A rating),Skilled Worker
Buraaq Foods Ltd,Walsall,West Midlands,Worker (A rating),Skilled Worker
Burton Sweet Limited,Shepton Mallet,Somerset,Worker (A rating),Skilled Worker
C.P.G. (Wales) Limited,Swansea,Wales,Worker (A rating),Skilled Worker
Caa Base Limited,London,Unknown,Worker (A rating),Skilled Worker
Cadensys Limited,London,Unknown,Worker (A rating),Skilled Worker
"Caldwell Ip, Ltd",London,Unknown,Worker (A rating),Skilled Worker
Cambon Partners Ltd,London,Unknown,Worker (A rating),Global Business Mobility: Senior or Specialist Worker
Cambon Partners Ltd,London,Unknown,Worker (A rating),Skilled Worker
Cambridge Rewinds Limited,Cambridge,Unknown,Worker (A rating),Skilled Worker
Camdor Global Advisors Ltd,London,Unknown,Worker (A rating),Skilled Worker
Camp Services Ltd,London,Unknown,Worker (A rating),Skilled Worker
Capital Vehicle Maintenance Limited,Isleworth,Unknown,Worker (A rating),Skilled Worker
Cardiff Union Services Limited,Cardiff,Unknown,Worker (A rating),Skilled Worker
Care At Home Services (South East) Ltd.,Tunbridge Wells,Unknown,Worker (A rating),Skilled Worker
Caspertron Ltd,Manchester,Unknown,Worker (A rating),Skilled Worker
Cbc Uk Limited,London,Unknown,Worker (A rating),Skilled Worker
Ceg Constructions & Home Improvements Ltd,St Neots,Cambridgeshire,Worker (A rating),Skilled Worker
Centrespace Design Llp,Henley on Thames,Unknown,Worker (A rating),Skilled Worker
Centrus Financial Advisors Limited,London,Unknown,Worker (A rating),Global Business Mobility: Senior or Specialist Worker
Centrus Financial Advisors Limited,London,Unknown,Worker (A rating),Skilled Worker
Chai&Curry Ltd,Manchester,Unknown,Worker (A rating),Skilled Worker
Chaiibox Birmingham Ltd,Birmingham,Birmingham,Worker (A rating),Skilled Worker
Cheeky Scone Limited,PINNER,Unknown,Worker (A rating),Skilled Worker
Chessvantage Academy Limited,London,Unknown,Worker (A rating),Skilled Worker
Chin Chin Choo Limited T/A Cho Asia,London,Unknown,Worker (A rating),Skilled Worker
Chocohugs Ltd,NEWCASTLE UPON TYNE,TYNE AND WEAR,Worker (A rating),Skilled Worker
Circle Leaf Ltd,Coulsdon,Unknown,Worker (A rating),Skilled Worker
Clean World Birmingham Ltd,Birmingham,Unknown,Worker (A rating),Skilled Worker
Clifton Medical Practice,Nottingham,Nottinghamshire,Worker (A rating),Skilled Worker
Cloudvplus Holdings Ltd,Portsmouth,Hampshire,Worker (A rating),Skilled Worker
Colham Manor Primary School,Uxbridge,Unknown,Worker (A rating),Skilled Worker
Competitive Security Services Limited,Southall,Unknown,Worker (A rating),Skilled Worker
Connectcom Solutions Ltd,London,Unknown,Worker (A rating),Skilled Worker
Constantia Ffp Ltd,Northampton,Unknown,Worker (A rating),Global Business Mobility: Senior or Specialist Worker
Constantia Ffp Ltd,Northampton,Unknown,Worker (A rating),Skilled Worker
Coralogix Uk Limited,London,Unknown,Worker (A rating),Global Business Mobility: Senior or Specialist Worker
Coralogix Uk Limited,London,Unknown,Worker (A rating),Skilled Worker
Cordles Design Limited,London,London,Worker (A rating),Skilled Worker
Core Lean Uk Ltd,Sutton,Unknown,Worker (A rating),Skilled Worker
Corpus Christi Catholic Academy Trust,Manchester,Greater Manchester,Worker (A rating),Skilled Worker
Covbun Ltd,Coventry,Unknown,Worker (A rating),Skilled Worker
Cream Group Limited,London,Unknown,Worker (A rating),Skilled Worker
Croftwood Care (Cheshire) Limited,Surrey,Unknown,Worker (A rating),Skilled Worker
Crosby Community Care Limited,NEWARK,Unknown,Worker (A rating),Skilled Worker
Crossfield Service Centre,Blackburn,Unknown,Worker (A rating),Skilled Worker
Croydon Hybrid Parts Ltd,Croydon,Unknown,Worker (A rating),Skilled Worker
Crystal Hall,Preston,Lancashire,Worker (A rating),Skilled Worker
Cumulocity (Uk) Ltd,Histon,Unknown,Worker (A rating),Skilled Worker
Cw Aberdeen Limited,Aberdeen,Unknown,Worker (A rating),Skilled Worker
Cyberwave It Limited,Radlett,Unknown,Worker (A rating),Skilled Worker
Daa-M Property Management Ltd,Newport,Unknown,Worker (A rating),Skilled Worker
Dcat Hotels & Restaurant Limited,Brackley,Unknown,Worker (A rating),Skilled Worker
De Banke Group Limited,Solihull,Unknown,Worker (A rating),Skilled Worker
Defenceart Ltd,LONDON,Unknown,Worker (A rating),Skilled Worker
Dephna Group Limited,London,Unknown,Worker (A rating),Skilled Worker
Derbysoft (Uk) Limited,London,Unknown,Worker (A rating),Skilled Worker
Desi Khazana Limited,LEICESTER,Unknown,Worker (A rating),Skilled Worker
Design Storey Limited,Oxford,Unknown,Worker (A rating),Skilled Worker
Dhch14 Limited,Southport,Unknown,Worker (A rating),Skilled Worker
Dhz Pharmaceuticals Limited,Manchester,Unknown,Worker (A rating),Skilled Worker
Diamond Export Industries Ltd,London,Unknown,Worker (UK Expansion Worker: Provisional),Global Business Mobility: UK Expansion Worker
Digi Broadcast Company Limited,"Chessington, London",Unknown,Worker (A rating),Skilled Worker
Dm & Fm Jones Calcourt Farms,powys,Unknown,Worker (A rating),Skilled Worker
Doner Gyros Reading Ltd T/A Mr T'S,Reading,Unknown,Worker (A rating),Skilled Worker
Dprs Scots Limited T/A Domino'S Pizza,Dartford,Unknown,Worker (A rating),Skilled Worker
Dr Craig Needs T/A Over Surgery,Cambridge,Unknown,Worker (A rating),Skilled Worker
Dr Shahrzad Yeganeh T/A Newport Road Dental Clinic,Cardiff,Unknown,Worker (A rating),Skilled Worker
Drink Stop Express Limited,Wolverhampton,Unknown,Worker (A rating),Skilled Worker
Durra Al-Baqa Uk Ltd,London,Unknown,Worker (A rating),Skilled Worker
Dvf Products Limited,Huddersfield,England,Worker (A rating),Skilled Worker
Dvp Sai Ltd T/A Southwark Park Road Post Office,London,Unknown,Worker (A rating),Skilled Worker
Early Years Organisation,Belfast,Antrim,Temporary Worker (A rating),Charity Worker
Echos Education Ltd,London,Unknown,Worker (A rating),Skilled Worker
Elite Community Ultrasound Ltd,Ashford,Kent,Worker (A rating),Skilled Worker
Elite Exchange Ltd,Luton,Unknown,Worker (A rating),Skilled Worker
Elocker Limited,Daventry,Unknown,Worker (A rating),Skilled Worker
Ely Diocesan Board Of Finance,Witchford Nr Ely,Cambridgeshire,Temporary Worker (A rating),Religious Worker
Ely Diocesan Board Of Finance,Witchford Nr Ely,Cambridgeshire,Worker (A rating),Tier 2 Ministers of Religion
Embassy Of The State Of Kuwait,LONDON,Unknown,Worker (A rating),Skilled Worker
Eminence Inc Limited,London,Unknown,Worker (A rating),Skilled Worker
Emma Wells Tennis Limited,London,Unknown,Worker (A rating),Skilled Worker
Emmalex Consult Ltd.,Milton Keynes,Buckinghamshire,Worker (A rating),Skilled Worker
Enerfloat Ltd,Aberdeen,Aberdeenshire,Worker (A rating),Skilled Worker
Energise Sussex Coast,Bexhill,East Sussex,Worker (A rating),Skilled Worker
Enva Plastics Limited,Bilsthorpe,Nottinghamshire,Worker (A rating),Skilled Worker
Essensium Uk Ltd,London,Unknown,Worker (A rating),Skilled Worker
Esthetichem Limited,Cradley Heath,Unknown,Worker (A rating),Skilled Worker
Euphoric Global,London,Unknown,Worker (A rating),Skilled Worker
Eurolink (Uk) Ltd,Hatfield,Unknown,Worker (A rating),Skilled Worker
Euy Limited,LONDON,Unknown,Worker (A rating),Skilled Worker
Evergreen Livestock Ltd,Swaffham,Unknown,Worker (A rating),Skilled Worker
Excel Brands Ltd,DONCASTER,Unknown,Worker (A rating),Skilled Worker
Ez Ramyeon Ltd,Nottingham,Unknown,Worker (A rating),Skilled Worker
Ezi Technology Limited,EAST TILBURY,ESSEX,Worker (A rating),Skilled Worker
F&T Design Consultants Limited,London,Unknown,Worker (A rating),Skilled Worker
F. Schumacher & Co. Uk Ltd,London,Unknown,Worker (A rating),Global Business Mobility: Senior or Specialist Worker
F. Schumacher & Co. Uk Ltd,London,Unknown,Worker (A rating),Skilled Worker
Fairfax Store Ltd,Kidlington,Unknown,Worker (A rating),Skilled Worker
Fareport Training Organisation Limited,Fareham,Unknown,Worker (A rating),Skilled Worker
Farhad Mashadi Limited," Hornchurch, England",Unknown,Worker (A rating),Skilled Worker
Farmhouse Wembley Ltd,Wembley,Unknown,Worker (A rating),Skilled Worker
Fast Pc & Mobile Tech Ltd,Leeds,Unknown,Worker (A rating),Skilled Worker
Fatima Tandoori Ltd,Manchester,Unknown,Worker (A rating),Skilled Worker
Fides Box And Pack Limited,Maidenhead,Unknown,Worker (UK Expansion Worker: Provisional),Global Business Mobility: UK Expansion Worker
Find Cab Ltd,Manchester,Lancashire,Worker (A rating),Skilled Worker
Fire Safe Windows & Doors Ltd,Stanmore,Unknown,Worker (A rating),Skilled Worker
First Tone Ltd,London,Unknown,Worker (A rating),Skilled Worker
Flawless Uk Vape Distribution Ltd,Leicester,Leicestershire,Worker (A rating),Skilled Worker
Flow Controls Uk Limited,BOLTON,GREATER MANCHESTER,Worker (A rating),Skilled Worker
Flytec Ltd,Horsham,Unknown,Worker (A rating),Skilled Worker
Fok Trading Limited,London,Unknown,Worker (A rating),Skilled Worker
Forty Eight Point One Ltd,London,England,Worker (A rating),Skilled Worker
Fourth Of March Limited/Trading Name Racil,London,Unknown,Worker (A rating),Skilled Worker
Frontline News & Media Limited,London,Unknown,Worker (A rating),Skilled Worker
Full Circle Living Ltd,Maidstone,Unknown,Worker (A rating),Skilled Worker
Full Volume Pr Limited,Manchester,Unknown,Worker (A rating),Skilled Worker
Fullhurst Community College,Leicester,Unknown,Worker (A rating),Skilled Worker
Gaea Ai Limited,London,Unknown,Worker (A rating),Skilled Worker
Galaxy Uk Restaurants Ltd,Hyde,Unknown,Worker (A rating),Skilled Worker
Galvinus Ltd,Rugby,Warwickshire,Worker (A rating),Skilled Worker
Galwad Y Mor Shellfish Ltd,Bridlington,East Riding of Yorkshire,Worker (A rating),Skilled Worker
Gandecha & Pau Solicitors,London,Unknown,Worker (A rating),Skilled Worker
Gates Cars Ltd,London,Unknown,Worker (A rating),Skilled Worker
Gentle Folk Community Care Ltd,Norfolk,Unknown,Worker (A rating),Skilled Worker
Get Consult Ltd,London,Unknown,Worker (A rating),Skilled Worker
Get Set Hire Ltd,London,Unknown,Worker (A rating),Skilled Worker
Ghenova Uk Ltd,Bristol,Unknown,Worker (A rating),Skilled Worker
Gm Poverty Action Limited  Trading As Resolve Poverty,Manchester,Unknown,Worker (A rating),Skilled Worker
Gntk Ltd,Tiverton,Unknown,Worker (A rating),Skilled Worker
Goldendale House Care Home,Stoke-on-Trent,Unknown,Worker (A rating),Skilled Worker
Goodfire Ai Uk Limited,London,Unknown,Worker (A rating),Skilled Worker
Grace 1442 Limited T/A Leelas,Oxfordshire,Unknown,Worker (A rating),Skilled Worker
Grainflow Operations Ltd,LONDON,Unknown,Worker (A rating),Skilled Worker
Grainger Cable Installations Ltd,Gateshead,Unknown,Worker (A rating),Skilled Worker
Granville Convenience Store,Kingswinford,Unknown,Worker (A rating),Skilled Worker
Gridlines Group Ltd,Manchester,Unknown,Worker (A rating),Skilled Worker
Groom Guru Natural Dog Spa & Daycare Limited,London,Unknown,Worker (A rating),Skilled Worker
Guilford Hotel,London,Unknown,Worker (A rating),Skilled Worker
Gurkha Lounge Colchester Limited,Colchester,Unknown,Worker (A rating),Skilled Worker
H2 Beauty Co Ltd,Birmingham,Unknown,Worker (A rating),Skilled Worker
Haberdashers' Elstree Schools,Elstree,Hertfordshire,Worker (A rating),Skilled Worker
Haddleton & Co Limited,Harrogate,North Yorkshire,Worker (A rating),Skilled Worker
Hadleigh Dental And Cosmetics Centre,Hadleigh,Benfleet,Worker (A rating),Skilled Worker
Hampshire Sport And Leisure Holdings Limited,Southampton,Unknown,Worker (A rating),Skilled Worker
Hamshaw Care Home Ltd,Heanor,Unknown,Worker (A rating),Skilled Worker
Hanami Lic Limited,Glasgow,Unknown,Worker (A rating),Skilled Worker
Harborne Academy,Birmingham,United Kingdom,Worker (A rating),Skilled Worker
Hasan Cetinkaya T/A Adda Restaurant,Edinburgh,Unknown,Worker (A rating),Skilled Worker
Haylo M&E Limited,Harrow,Middlesex,Worker (A rating),Skilled Worker
Haywards Heath Visionplus Limited T/A Specsavers,Haywards Heath,Unknown,Worker (A rating),Skilled Worker
Hennessy Living Group,Chester Le Street,Durham,Worker (A rating),Skilled Worker
Hesus Uk Limited,London,Unknown,Worker (A rating),Skilled Worker
Highland Motors Ltd,Portree,Unknown,Worker (A rating),Skilled Worker
Hillside Lodge Care Home,Berwick-upon-tweed,Unknown,Worker (A rating),Skilled Worker
Hindu Buddhist Cultural Association,London,Unknown,Worker (A rating),Tier 2 Ministers of Religion
Hindu Buddhist Cultural Association,London,Unknown,Worker (A rating),Skilled Worker
Hindu Buddhist Cultural Association,London,Unknown,Temporary Worker (A rating),Charity Worker
Hindu Buddhist Cultural Association,London,Unknown,Temporary Worker (A rating),Religious Worker
Hn Trading Holdings Ltd,London,Unknown,Worker (A rating),Skilled Worker
Holapets Ltd,London,Unknown,Worker (A rating),Skilled Worker
Hollway Advisory Services Uk Ltd,Borehamwood,Unknown,Worker (A rating),Global Business Mobility: Senior or Specialist Worker
Hollway Advisory Services Uk Ltd,Borehamwood,Unknown,Worker (A rating),Skilled Worker
Holy Trinity Frogmore,St Albans,Hertfordshire,Worker (A rating),Tier 2 Ministers of Religion
Hoofprints Technologies Ltd T/A Chettinad Mess,Stirling,Unknown,Worker (A rating),Skilled Worker
Hostbray Limited,Radlett,Unknown,Worker (A rating),Skilled Worker
House Targaryen Ltd T/A Old Infirmary,Worcester,Unknown,Worker (A rating),Skilled Worker
Ht Trading Ltd,London,Unknown,Worker (A rating),Skilled Worker
Huntly Tandoori Aberdeen Ltd,Huntly,Unknown,Worker (A rating),Skilled Worker
Hynamics Uk Limited,London,Unknown,Worker (A rating),Global Business Mobility: Senior or Specialist Worker
Hynamics Uk Limited,London,Unknown,Worker (A rating),Skilled Worker
Hypnotique Ltd,London,Unknown,Worker (A rating),Skilled Worker
Ibex Plus Partners Limited,DOWNPATRICK,Unknown,Worker (A rating),Skilled Worker
Ideal Fitted Bedrooms Ltd,Greenford,Unknown,Worker (A rating),Skilled Worker
Ideal Smile Limited,Walsall,Unknown,Worker (A rating),Skilled Worker
Iduna Oma Limited,Manchester,Unknown,Worker (A rating),Skilled Worker
Ignota Labs Limited,Cambridge,Unknown,Worker (A rating),Skilled Worker
Iloft Conversions Ltd,London,Unknown,Worker (A rating),Skilled Worker
Imech Engineering Limited,London,Unknown,Worker (A rating),Skilled Worker
Imes Engineering & Contracting Ltd,Stafford,Staffordshire,Worker (A rating),Global Business Mobility: Senior or Specialist Worker
Imes Engineering & Contracting Ltd,Stafford,Staffordshire,Worker (A rating),Skilled Worker
Imone Bbq Ltd,New Malden,Unknown,Worker (A rating),Skilled Worker
Imperial Homeware London Limited,Birmingham,West Midlands,Worker (A rating),Skilled Worker
Indian Pantry (Manchester) Ltd,Manchester,Unknown,Worker (A rating),Skilled Worker
Indian Spice Ltd,Congleton,Unknown,Worker (A rating),Skilled Worker
Ineo Nuclear Uk Ltd,London,Unknown,Worker (A rating),Skilled Worker
Inexor Limited,London,Unknown,Worker (A rating),Skilled Worker
Infinity Deals Ltd,London,Unknown,Worker (A rating),Skilled Worker
Innovate Cambridge Ltd,Cambridge,Unknown,Worker (A rating),Skilled Worker
Inspire Neurocare Limited,Worcester,Unknown,Worker (A rating),Skilled Worker
Integrated De-Icing Services Uk Limited,Luton,Unknown,Worker (A rating),Skilled Worker
Integro Design Engineering Associates Ltd,Glasgow,Unknown,Worker (A rating),Skilled Worker
Intellego Education Services Limited,London,Unknown,Worker (A rating),Skilled Worker
Invinity Energy (Uk) Limited,Bathgate,Unknown,Worker (A rating),Global Business Mobility: Senior or Specialist Worker
Invinity Energy (Uk) Limited,Bathgate,Unknown,Worker (A rating),Skilled Worker
Islamic Aid,London,United Kingdom,Worker (A rating),Skilled Worker
Iwk Watford Ltd T/A Heavenly Desserts,Watford,Hertfordshire,Worker (A rating),Skilled Worker
J & H Hauliers Ltd,Derby,Unknown,Worker (A rating),Skilled Worker
J&D Pierce Contracts Limited,Glengarnock,Ayrshire,Worker (A rating),Skilled Worker
Jamak Fabrication Europe Ltd,Worsley,Greater Manchester,Worker (A rating),Skilled Worker
Jatco Uk Ltd,Sunderland,Tyne And Wear,Worker (A rating),Global Business Mobility: Senior or Specialist Worker
Jattan Food Ltd T/A Guru Indian Cuisine,NEWRY,NORTHERN IRELAND,Worker (A rating),Skilled Worker
Jevra Pvt Limited,Onich,"Fort William , Scotland",Worker (A rating),Skilled Worker
Jhsf Uk Ltd,London,England,Worker (A rating),Skilled Worker
Jms Infotech Limited,Milton Keynes,Unknown,Worker (A rating),Skilled Worker
Jsm Management Group Ltd,Cardiff,Unknown,Worker (A rating),Skilled Worker
Jt&Z  Construction Company Limited,LONDON,Unknown,Worker (A rating),Skilled Worker
K Furniture Co Limited,London,Unknown,Worker (A rating),Skilled Worker
Kabir Travels Ltd,BIRMINGHAM,Unknown,Worker (A rating),Skilled Worker
Kalla Holdings Ltd,London,Unknown,Worker (A rating),Skilled Worker
Kambojx Limited,Wolverhampton,Unknown,Worker (A rating),Skilled Worker
Kaner International Limited,London,Unknown,Worker (A rating),Skilled Worker
Kangaroo Local Uk Ltd,Harwich,Unknown,Worker (A rating),Skilled Worker
Karsons Pharma Limited,Rochester,Unknown,Worker (A rating),Skilled Worker
Kavya Store,CHIPPENHAM,Unknown,Worker (A rating),Skilled Worker
Keith Cohen Limited,LONDON,Unknown,Worker (A rating),Skilled Worker
Ken Nguyen Trading As Whitchurch Nails,Cardiff,Unknown,Worker (A rating),Skilled Worker
Kensington Partnership,Bradford,West Yorkshire,Worker (A rating),Skilled Worker
Kenvue Emea Services Limited,High Wycombe,Unknown,Worker (A rating),Global Business Mobility: Senior or Specialist Worker
Kenvue Emea Services Limited,High Wycombe,Unknown,Worker (A rating),Skilled Worker
Kenvue Emea Services Limited,High Wycombe,Unknown,Temporary Worker (A rating),Global Business Mobility: Graduate Trainee
Keystone Interiors Limited,Uxbridge,Unknown,Worker (A rating),Skilled Worker
Khanh Hoang Limited,Langholm,Unknown,Worker (A rating),Skilled Worker
Khushi Holding Ltd,Coventry,Unknown,Worker (A rating),Skilled Worker
Ki Powerfuel Pvt Limited,"Carmarthen,",Unknown,Worker (A rating),Skilled Worker
Killiecrankie Ltd,Pitlochry,Perthshire,Worker (A rating),Skilled Worker
Kingsheath Vision Plus Ltd - Specsavers Opticians Kingsheath,Kingsheath,Birmingham,Worker (A rating),Skilled Worker
Kintec Recruitment Limited,Salford Quays,Unknown,Worker (A rating),Skilled Worker
Kittu Express Ltd,NEWCASTLE UPON TYNE,Unknown,Worker (A rating),Skilled Worker
Kiwi Commerce Ltd,Manchester,Lancashire,Worker (A rating),Skilled Worker
Kleemann Lifts Uk Limited,ASHFORD,KENT,Worker (A rating),Skilled Worker
Kls Business Ltd,Powys,Unknown,Worker (A rating),Skilled Worker
Knightsbridge Green,London,Unknown,Worker (A rating),Skilled Worker
Knowledge Quarter,London,Unknown,Worker (A rating),Skilled Worker
Kogweno & Bubi Consultants Ltd,London,Unknown,Worker (UK Expansion Worker: Provisional),Global Business Mobility: UK Expansion Worker
Korus Health Ltd,Truro,Unknown,Worker (A rating),Skilled Worker
Kosli Limited,Brentford,Unknown,Worker (A rating),Skilled Worker
Ks Education Associates Limited,LONDON,Unknown,Worker (A rating),Skilled Worker
Land And Minerals Consulting Ltd,Clevedon,North Somerset,Worker (A rating),Skilled Worker
Larkside Practice,Luton,Beds,Worker (A rating),Skilled Worker
Laurel International Management Ltd,Welshpool,Wales,Worker (A rating),Skilled Worker
Laurelle London Ltd,Canvey Island,Essex,Worker (A rating),Skilled Worker
Laviel Clinic,London,Unknown,Worker (A rating),Skilled Worker
Layaa Limited,Tiverton,Devon,Worker (A rating),Skilled Worker
Le Paragon,Leigh-on-Sea,uk,Worker (A rating),Skilled Worker
Learning Corner Nursery,Luton,Unknown,Worker (A rating),Skilled Worker
Leasehold Services Ltd,London,Unknown,Worker (A rating),Skilled Worker
Lebran Ltd,Chester,Unknown,Worker (A rating),Skilled Worker
Legacy Uk Holdings Limited,London,Unknown,Worker (A rating),Global Business Mobility: UK Expansion Worker
Leicester Football Club Plc,LEICESTER,Unknown,Worker (A rating),Skilled Worker
Lennox Gardens Partners Limited,London,Unknown,Worker (A rating),Skilled Worker
Lenwood Capital Ltd.,London,Unknown,Worker (UK Expansion Worker: Provisional),Global Business Mobility: UK Expansion Worker
Lewisham Cosmetics Ltd T/As Shaba Hair & Cosmetics,Lewisham,Unknown,Worker (A rating),Skilled Worker
Lf Law Ltd,London,Unknown,Worker (A rating),Skilled Worker
Liberty Accounting & Training Ltd,London,Unknown,Worker (A rating),Skilled Worker
Liberty Global Europe Limited,London,Unknown,Worker (A rating),Skilled Worker
Liberty Global Europe Limited,London,Unknown,Worker (A rating),Global Business Mobility: Senior or Specialist Worker
Limasole Limited,London,Unknown,Worker (A rating),Skilled Worker
Limpet Technology Limited,Stirling,Stirlingshire,Worker (A rating),Skilled Worker
Linkstar Tech Ltd,Cardiff,Wales,Worker (A rating),Skilled Worker
Live Electrical Distribution (Uk) Limited,Manchester,England,Worker (A rating),Skilled Worker
Livgreen Futures Limited,Bristol,Bristol,Worker (A rating),Skilled Worker
Ljp Management Ltd,WORTHING,Unknown,Temporary Worker (A rating),Creative Worker
Lloyds Uk Packaging Ltd T/As Afghan Bazaar,EDGWARE,Unknown,Worker (A rating),Skilled Worker
Lma Restaurant Ltd,London,Unknown,Worker (A rating),Skilled Worker
Loch Rannoch Estate Limited,Pitlochry,Perthshire,Worker (A rating),Skilled Worker
Logistic Trade Management Ltd,London,Unknown,Worker (A rating),Skilled Worker
London Academy For Applied Technology Ltd,London,Unknown,Worker (A rating),Skilled Worker
London Coffee Shops Ltd,London,Unknown,Worker (A rating),Skilled Worker
London Visas & Immigration Services Ltd,Wembley,Middlesex,Worker (A rating),Skilled Worker
Lower Ash Convenience Store Ltd,Stoke-On-Trent,Unknown,Worker (A rating),Skilled Worker
Lqt Technologies Limited,Croydon,Unknown,Worker (A rating),Skilled Worker
Ls Events Limited,Manchester,Unknown,Worker (A rating),Skilled Worker
Lucky Supermarket,LEICESTER,Unknown,Worker (A rating),Skilled Worker
Luracare Ltd,London,Unknown,Worker (A rating),Skilled Worker
Lzz Foods Ltd,Welling,Unknown,Worker (A rating),Skilled Worker
M A Chhokar Ltd,Sutton Coldfield,Unknown,Worker (A rating),Skilled Worker
M&A Sakhi Construction Ltd,Hayes,Unknown,Worker (A rating),Skilled Worker
M&A Tradax Limited,Ashton-Under-Lyne,Unknown,Worker (A rating),Skilled Worker
M&N Accountants Ltd,London,Unknown,Worker (A rating),Skilled Worker
M4 Motors Ltd,Hayes,MIDDLESEX,Worker (A rating),Skilled Worker
Ma Hayes Ltd T/A Pepes Piri Piri,Hayes,Unknown,Worker (A rating),Skilled Worker
Ma Jewellers Ltd,Southall,Unknown,Worker (A rating),Skilled Worker
Maa Selby Ltd,LEEDS,Unknown,Worker (A rating),Skilled Worker
Magic Software Services Ltd,LONDON,Unknown,Worker (A rating),Global Business Mobility: Senior or Specialist Worker
Magic Software Services Ltd,LONDON,Unknown,Worker (A rating),Skilled Worker
Magma Design Ltd,London,Unknown,Worker (A rating),Skilled Worker
Mancroft Healthcare Limited,Wolverhampton,Unknown,Worker (A rating),Skilled Worker
Manha'S Kitchen Limited,Kent,Unknown,Worker (A rating),Skilled Worker
Mantra Thai Limited,Newcastle Upon Tyne,Unknown,Worker (A rating),Skilled Worker
Marine Procurement Ltd,North Berwick,Unknown,Worker (A rating),Skilled Worker
Markey Tyres Ltd,Portadown,Armagh,Worker (A rating),Skilled Worker
Marlow Education Trust,Marlow,Buckinghamshire,Worker (A rating),Skilled Worker
Marshwood Farms Ltd,BURNHAM,Unknown,Worker (A rating),Skilled Worker
Mar-Train Heavy Haulage Ltd,Lisburn,Antrim,Worker (A rating),Skilled Worker
Mayfair Spirit Limited,London,Unknown,Worker (A rating),Skilled Worker
Mayhem Marketing Limited,East Kilbride,Unknown,Worker (A rating),Skilled Worker
Mcbitsstech Limited,London,Unknown,Worker (A rating),Skilled Worker
"Medics-Uk Limited, T/A Premier Private Gp",Bagshot,Unknown,Worker (A rating),Skilled Worker
Medina Mosque Trust Of Edinburgh,Edinburgh,Unknown,Worker (A rating),Tier 2 Ministers of Religion
Merridale Medical Centre,Leicester,Unknown,Worker (A rating),Skilled Worker
Merx Solutions Ltd,London,Unknown,Worker (A rating),Skilled Worker
Mha Audit Services Llp,Milton Keynes,Buckinghamshire,Worker (A rating),Global Business Mobility: Senior or Specialist Worker
Mha Audit Services Llp,Milton Keynes,Buckinghamshire,Worker (A rating),Skilled Worker
Mithus Continental Mart Ltd,Haverhill,Suffolk,Worker (A rating),Skilled Worker
Mitsubishi Electric Corporation - Uk Office,London,Unknown,Worker (A rating),Global Business Mobility: Senior or Specialist Worker
Mjit Ltd,Crawley,West Sussex,Worker (A rating),Skilled Worker
Mmanagement Services Ltd T/A Blooming Blossom,High Wycombe,Unknown,Worker (A rating),Skilled Worker
Mna Pharma Limited T/A Acorn Pharmacy,Berkhamstead,Unknown,Worker (A rating),Skilled Worker
Mnfst Uk Limited,London,Unknown,Worker (A rating),Skilled Worker
Mns Saharan Ltd,Newport Pagnell,Unknown,Worker (A rating),Skilled Worker
Mobilesentrix Ltd,Coventry,Unknown,Worker (A rating),Skilled Worker
Moh Nippon Plc,London,Unknown,Worker (A rating),Skilled Worker
Mohammed Mushtaq T/A Fas Hair & Cosmetics,LONDON,Unknown,Worker (A rating),Skilled Worker
Mohanadas Selvaratnam T/A Hildenborough Service Station,Kent,Unknown,Worker (A rating),Skilled Worker
Mohthus Ltd,Windsor,Unknown,Worker (A rating),Skilled Worker
Monklan Ltd,Peckham,Unknown,Worker (A rating),Skilled Worker
Montrose Food & Wine Limited,Doncaster,Unknown,Worker (A rating),Skilled Worker
Moon Rise 24 Hr Recruitment Ltd,Stockton,Unknown,Worker (A rating),Skilled Worker
Moor Park Capital Partners Llp,London,Unknown,Worker (A rating),Skilled Worker
Morrow Contracts Ltd,Belfast,Down,Worker (A rating),Skilled Worker
Motivforce Ltd,Cobham,Unknown,Worker (A rating),Skilled Worker
Moxie Pictures Llp,London,Unknown,Temporary Worker (A rating),Creative Worker
Moxie Pictures Llp,London,Unknown,Worker (A rating),Skilled Worker
Mr Richard Timothy Giles T/A Sir Isaac Newton Pub,Cambridgeshire,Unknown,Worker (A rating),Skilled Worker
Mr Sivagnanam Sivaruban T/A Saiyuri Traders,Grays,Essex,Worker (A rating),Skilled Worker
Mrs Prashanthy Shathyakaran T/A Manor News,"Bexhill,",East Sussex,Worker (A rating),Skilled Worker
Msp Wolves Ltd T/A Mr Singh'S Pizza,Wolverhampton,West Midlands,Worker (A rating),Skilled Worker
Mti Welding Technologies Limited,Dudley,West Midlands,Worker (A rating),Skilled Worker
Multiqo Solution Ltd,London,Unknown,Worker (A rating),Skilled Worker
My Bassingham Limited Trading As Bassingham Care Centre,Lincoln,Unknown,Worker (A rating),Skilled Worker
My Digital Hero Consulting Ltd,Harrogate,Unknown,Worker (A rating),Skilled Worker
Myfm Ltd,London,London,Worker (A rating),Skilled Worker
N A Motors Limited,London,Unknown,Worker (A rating),Skilled Worker
N Islam Legal Ltd,LONDON,Unknown,Worker (A rating),Skilled Worker
Nab Services (Uk) Ltd,Peterborough,Unknown,Worker (A rating),Skilled Worker
Nagashima Ohno & Tsunematsu Uk Limited,London,Unknown,Worker (UK Expansion Worker: Provisional),Global Business Mobility: UK Expansion Worker
Nathaniel Car Sales Limited,Bridgend,Unknown,Worker (A rating),Skilled Worker
Navya School Of Dance Ltd T/A Navya School Of Dance,Middx,Unknown,Worker (A rating),Skilled Worker
Neobuild Innovations Limited,Peterborough,Unknown,Worker (A rating),Skilled Worker
Nes Fircroft Technical Services Limited,Altrincham,Cheshire,Worker (A rating),Skilled Worker
Nesika Retails Limited,Northumberland,Unknown,Worker (A rating),Skilled Worker
Netrep Limited,Woking,Unknown,Worker (A rating),Skilled Worker
New Era (Ne) Ltd,Newcastle upon Tyne,Unknown,Worker (A rating),Skilled Worker
New Masterchef Luton Ltd T/A New Master Chef,Luton,Bedfordshire,Worker (A rating),Skilled Worker
New Town Dental Care,Edinburgh,Unknown,Worker (A rating),Skilled Worker
Newcold Ltd,Wakefield,Unknown,Worker (A rating),Global Business Mobility: Senior or Specialist Worker
Newcold Ltd,Wakefield,Unknown,Worker (A rating),Skilled Worker
Newport Primary School,Saffron Walden,Essex,Worker (A rating),Skilled Worker
Newson Partners Limited,London,Unknown,Worker (A rating),Skilled Worker
Nexus360 Innovations Ltd,London,Unknown,Worker (A rating),Skilled Worker
Ngoclinh Limited,Reading,Unknown,Worker (A rating),Skilled Worker
Niblow Ltd,Chingford,Unknown,Worker (A rating),Skilled Worker
Niche Online Sales Group Ltd,Bridgwater,Unknown,Worker (A rating),Skilled Worker
Northumberland Events Limited,London,ENGLAND,Worker (A rating),Skilled Worker
Novo Dental Limited,London,Unknown,Worker (A rating),Skilled Worker
Nsrm Limited,Newcastle Upon Tyne,Unknown,Worker (A rating),Skilled Worker
Ntj Design And Build Limited,Harpenden,Hertfordshire,Worker (A rating),Skilled Worker
Ntk Events Limited,London,Unknown,Worker (A rating),Skilled Worker
Numi Scan (Brentwood) Ltd T/A Numi Scan,Brentwood,Unknown,Worker (A rating),Skilled Worker
Nwan Tech Ltd,Havant,England,Worker (A rating),Skilled Worker
Oakfield Psychological Services Limited,Altrincham,Unknown,Worker (A rating),Skilled Worker
Oakland Central Limited,Chigwell,Essex,Worker (A rating),Skilled Worker
Octus Intelligence Limited,London,Unknown,Worker (A rating),Skilled Worker
Octus Intelligence Limited,London,Unknown,Worker (A rating),Global Business Mobility: Senior or Specialist Worker
Octus Intelligence Limited,London,Unknown,Temporary Worker (A rating),Global Business Mobility: Graduate Trainee
Oem - Automatic Limited,Whetstone,Leicester,Worker (A rating),Skilled Worker
Old Fletton Surgery,Peterborough,Cambridgeshire,Worker (A rating),Skilled Worker
One Aldwych Hotel,London,Unknown,Worker (A rating),Skilled Worker
Optimus Eight Ltd T/A Smatcha,London,Unknown,Worker (A rating),Skilled Worker
Orcp Gp (Uk) Limited,London,Unknown,Worker (A rating),Skilled Worker
Order Of Friars Minor Cio,Woodford Green,Unknown,Worker (A rating),Tier 2 Ministers of Religion
Order Of Friars Minor Cio,Woodford Green,Unknown,Temporary Worker (A rating),Religious Worker
Orlen Lng Trading Limited,London,Unknown,Worker (A rating),Global Business Mobility: Senior or Specialist Worker
Ors Consulting (Uk) Limited,Aberdeen,Aberdeen City,Worker (A rating),Skilled Worker
Padmavati Transporters Limited,Slough,Unknown,Worker (A rating),Skilled Worker
Palm2Palm Ltd,Westcliff-On-Sea,Unknown,Worker (A rating),Skilled Worker
Panahi Retail Ltd,London,Unknown,Worker (A rating),Skilled Worker
Pandox Leeds City Centre Limited,London,Unknown,Worker (A rating),Skilled Worker
Panesar Foods Limited,Tipton,West Midlands,Worker (A rating),Global Business Mobility: Senior or Specialist Worker
Papa Maf'S Pizza & Grill Ltd,Middlesbrough,Cleveland,Worker (A rating),Skilled Worker
Parvalux Electric Motors Limited,Poole,Dorset,Worker (A rating),Skilled Worker
Pasha Traders Ltd,Middlesbrough,Unknown,Worker (A rating),Skilled Worker
Patel & Patel Ventures Limited,North Harrow,London,Worker (A rating),Skilled Worker
Pathan Transport Ltd,Sheffield,Unknown,Worker (A rating),Skilled Worker
Paul Nicholls Racing Ltd,Somerset,Unknown,Worker (A rating),Skilled Worker
Pb11 Transport Ltd,Reading,Unknown,Worker (A rating),Skilled Worker
Pdc Cleaning Services Limited,Aberdeen,Scotland,Worker (A rating),Skilled Worker
Pembroke Communications Ltd (Trading As Pembroke And Rye),London,Unknown,Worker (A rating),Skilled Worker
Pennygate Medical Centre,Wigan,Greater Manchester,Worker (A rating),Skilled Worker
Petrogas North Sea Limited,Aberdeen,Unknown,Worker (A rating),Global Business Mobility: Senior or Specialist Worker
Petrogas North Sea Limited,Aberdeen,Unknown,Worker (A rating),Skilled Worker
Phoenix Community Housing Association (Bellingham And Downham) Limited,London,Unknown,Worker (A rating),Skilled Worker
Phoenix Properties Edinburgh Ltd,Edinburgh,Unknown,Worker (A rating),Skilled Worker
Pipedin Ltd,Hemel Hempstead,Hertfordshire,Worker (A rating),Skilled Worker
Pk2 Construction Limited,Coventry,Unknown,Worker (A rating),Skilled Worker
Portman Square Capital,London,Unknown,Worker (A rating),Skilled Worker
Positive Behaviour Support For Learning Cio,Harrow,Unknown,Worker (A rating),Skilled Worker
Potential Restaurant Ltd,London,Unknown,Worker (A rating),Skilled Worker
Potty Pancakes Ltd,Potters Bar,Unknown,Worker (A rating),Skilled Worker
Premier London Property Group Ltd,Folkestone,Unknown,Worker (A rating),Skilled Worker
Preos Talent Limited,London,Unknown,Worker (A rating),Skilled Worker
Prima Tooling Limited,Brentwood,Essex,Worker (A rating),Skilled Worker
Prime Labs Ltd T/A Prime Labs,Watford,Unknown,Worker (A rating),Skilled Worker
Primex Plastics Limited,Newton Aycliffe,Unknown,Worker (A rating),Global Business Mobility: Senior or Specialist Worker
Primrose Hill Surgery,London,Unknown,Worker (A rating),Skilled Worker
Priory House Home Care Ltd,Prestatyn,Denbighshire,Worker (A rating),Skilled Worker
Property People Investments Limited,Northwood,Unknown,Worker (A rating),Skilled Worker
Protect The Wild Ltd,London,Unknown,Worker (A rating),Skilled Worker
Prr Service Ltd T/A Esso,St Michaels,Tenterden,Worker (A rating),Skilled Worker
Pss Tech Services Ltd,Basildon,Essex,Worker (A rating),Skilled Worker
Puccino Slough Ltd,Slough,Berkshire,Worker (A rating),Skilled Worker
Pulp-Tec Limited,Glasgow,Unknown,Worker (A rating),Skilled Worker
Qe Development Holdco Ltd,London,London,Worker (A rating),Skilled Worker
Quadrant Heating & Electrics Limited,High Wycombe,Unknown,Worker (A rating),Skilled Worker
Queens Park Community School Academy Trust,London,Unknown,Worker (A rating),Skilled Worker
R&J Assets Ltd,Walsall,Unknown,Worker (A rating),Skilled Worker
Ra Breakdown Recovery Ltd,Manchester,Unknown,Worker (A rating),Skilled Worker
Ramark Systems Limited,Brentford,Middlesex,Worker (A rating),Skilled Worker
Ranks Enterprises Limited,Middlesex,Unknown,Worker (A rating),Skilled Worker
Re Recruitment (A Trading Division Of Taskmaster Resources Limited),Cheltenham,Gloucestershire,Temporary Worker (A rating),Seasonal Worker
Rectory Care Limited,Wolverhampton,West Midlands,Worker (A rating),Skilled Worker
Red Miracle T/A Dominos,Shrewsbury,Unknown,Worker (A rating),Skilled Worker
Red Rock Renewables Limited,Edinburgh,Unknown,Worker (A rating),Global Business Mobility: Senior or Specialist Worker
Red Rock Renewables Limited,Edinburgh,Unknown,Worker (A rating),Skilled Worker
Res Design Services Ltd,London,Unknown,Worker (A rating),Skilled Worker
Rfm Investments Uk Limited,London,Unknown,Worker (A rating),Global Business Mobility: Senior or Specialist Worker
Rfm Investments Uk Limited,London,Unknown,Worker (A rating),Skilled Worker
Riverside Stores Limited,London,England,Worker (A rating),Skilled Worker
Rizzoli International Publications Uk Limited,London,Unknown,Worker (A rating),Skilled Worker
Rkm Stores Limited,Swindon,Unknown,Worker (A rating),Skilled Worker
Robbies Fish Bar T/A D & D (Bath) Ltd,Bath,Unknown,Worker (A rating),Skilled Worker
Robinvalley Limited,Liverpool,Unknown,Worker (A rating),Skilled Worker
Rojs Media Uk Ltd,Aberdeen,Unknown,Worker (A rating),Skilled Worker
Romana Haulage Ltd,HAYES,Unknown,Worker (A rating),Skilled Worker
Rubic Secure Ltd,Edinburgh,Unknown,Worker (A rating),Skilled Worker
Runwood Homes Ltd,Hadleigh,Essex,Worker (A rating),Skilled Worker
S & B Stores Ltd,Reading,Unknown,Worker (A rating),Skilled Worker
S And K Pvt Ltd,LOUGHTON,ESSEX,Worker (A rating),Skilled Worker
S.A Private Limited,Prestatyn,Unknown,Worker (A rating),Skilled Worker
S3A Group Ltd,Hayes,Unknown,Worker (A rating),Skilled Worker
Safaa Enterprise Ltd T/A Day-Today,Bellshill,Unknown,Worker (A rating),Skilled Worker
Safety Concern London Ltd,lONDON,Unknown,Worker (A rating),Skilled Worker
Sandhu A1 Construction Ltd,Belvedere,Unknown,Worker (A rating),Skilled Worker
Sanvi Carpets Limited,Kingston Upon Thames,Unknown,Worker (A rating),Skilled Worker
Sarva Foam Uk Limited,Burton,Unknown,Worker (A rating),Skilled Worker
Satair Uk Limited,Feltham,Middlesex,Worker (A rating),Global Business Mobility: Senior or Specialist Worker
Satair Uk Limited,Feltham,Middlesex,Worker (A rating),Skilled Worker
Scene Cuisine Ltd,Blaenau Ffestiniog,Unknown,Worker (A rating),Skilled Worker
Schumann International Services Limited,London,Unknown,Worker (A rating),Skilled Worker
Sealand Projects Limited,Aberdeen,Unknown,Worker (A rating),Global Business Mobility: Senior or Specialist Worker
Second Act Ltd T/A Syani And T/A Jashns,London,Unknown,Worker (A rating),Skilled Worker
Sehv Services Ltd,St. Leonards-on-Sea,Unknown,Worker (A rating),Skilled Worker
Sense X Ltd,London,Unknown,Worker (A rating),Skilled Worker
Shanmuga Peryisamy Trading As Colwyn Bay Convenience Store,"Colwyn Bay,",Unknown,Worker (A rating),Skilled Worker
Shared Approach Limited,Preston,Lancashire,Worker (A rating),Skilled Worker
Sheen Engineering Consultants Ltd,Essex,Unknown,Worker (A rating),Skilled Worker
Shinn Thon Uk Ltd,Darwen,Lancashire,Worker (A rating),Skilled Worker
Shri Balaji Damodar Retail Ltd,Coventry,West Midlands,Worker (A rating),Skilled Worker
Shuraa Education And Consultancy Limited,Wembley,Unknown,Worker (A rating),Skilled Worker
Sichuan Popo Limited,London,Unknown,Worker (A rating),Skilled Worker
Sk Fish Bar Ltd T/A Emilia'S Fish Bar,Swansea,Wales,Worker (A rating),Skilled Worker
Sloane And Cadogan Land Management Limited,London,Unknown,Worker (A rating),Skilled Worker
Sm Global Solutions Ltd,Woodford Green,Woodford Green,Worker (A rating),Skilled Worker
Smile Care Centre,Chesterfield,Derbyshire,Worker (A rating),Skilled Worker
Smile Care York Limited,Slough,Unknown,Worker (A rating),Skilled Worker
Smile Europe Limited,Birmingham,Unknown,Worker (A rating),Skilled Worker
Smile Link Dental Limited,Ellesmere Port,Cheshire,Worker (A rating),Skilled Worker
Softline Solutions Ltd.,London,Greater London,Worker (A rating),Skilled Worker
Sogim Limited,Bromley,Unknown,Worker (A rating),Skilled Worker
Somewhere Restaurant Limited T/A Parker'S,London,Unknown,Worker (A rating),Global Business Mobility: Senior or Specialist Worker
Somewhere Restaurant Limited T/A Parker'S,London,Unknown,Worker (A rating),Skilled Worker
Sophrena Limited,London,London,Worker (A rating),Skilled Worker
South Derbyshire District Council,Swadlincote,Choose County,Worker (A rating),Skilled Worker
South West Regional Assessment Centre Ltd (Swrac),Wimborne,Dorset,Worker (A rating),Skilled Worker
Southshore Global Management Ltd,London,Unknown,Worker (A rating),Skilled Worker
Southville Stores,MIDDLESEX,Unknown,Worker (A rating),Skilled Worker
Sp Food Mart Limited,EPPING,Unknown,Worker (A rating),Skilled Worker
Sp Warren Street Ltd,London,Unknown,Worker (A rating),Skilled Worker
Spa Health Group Ltd,Kingshurst,West Midlands,Worker (A rating),Skilled Worker
Space Ape Limited,London,Unknown,Worker (A rating),Skilled Worker
Spectrum Wind Services Ltd,Nottingham,Unknown,Worker (A rating),Skilled Worker
Spice N Grill Limited,Southsea,Unknown,Worker (A rating),Skilled Worker
Spicehut Deal Limited T/A Dine India,"Deal, Kent",Unknown,Worker (A rating),Skilled Worker
Splatter Art Studio Ltd,Glasgow,Unknown,Worker (A rating),Skilled Worker
Squaremd Ltd,London,Unknown,Worker (A rating),Skilled Worker
Sri Valli Retail Ltd,Tamworth,Unknown,Worker (A rating),Skilled Worker
Ssj Bullion Limited,Bristol,Unknown,Worker (A rating),Skilled Worker
St Luke'S School,St Albans,Unknown,Worker (A rating),Skilled Worker
St Margarets Nursery Limited,Edinburgh,Scotland,Worker (A rating),Skilled Worker
State Bank Of India (Uk) Limited,London,Unknown,Worker (A rating),Global Business Mobility: Senior or Specialist Worker
Sternlight Capital Partners Llp,London,England,Worker (A rating),Skilled Worker
Stoke Supermarket Ltd,"SLOUGH, BERKSHIRE",Unknown,Worker (A rating),Skilled Worker
Strange Thoughts Group Ltd.,Bristol,Unknown,Worker (A rating),Skilled Worker
Strood Mini Mart,ROCHESTER,KENT,Worker (A rating),Skilled Worker
Sts Motors Ltd,Cradley Heath,West Midlands,Worker (A rating),Skilled Worker
Sukawatee (Hitchin) Limited,Hitchin,Herts,Worker (A rating),Skilled Worker
Supadu Limited,London,Unknown,Worker (A rating),Skilled Worker
Swayam Ltd,London,Unknown,Worker (A rating),Skilled Worker
Swifttech It Solutions Ltd,Manchester,Cheshire,Worker (A rating),Skilled Worker
Syntegral Ltd,Birmingham,Unknown,Worker (A rating),Skilled Worker
Systems Technology Consultants Limited,Stoke-on-Trent,Staffordshire,Worker (A rating),Skilled Worker
T & L Retail Ltd,Wembley,Unknown,Worker (A rating),Skilled Worker
T N Beeston & Son,Market Drayton,Shropshire,Worker (A rating),Skilled Worker
T&Tabu Limited T/A Upminster Fruit & Veg,Upminster,Unknown,Worker (A rating),Skilled Worker
Tahir Mahmood T/A City Booze,Dundee,Unknown,Worker (A rating),Skilled Worker
Tailored Support Home And Services,Eastbourne,East Sussex,Worker (A rating),Skilled Worker
Tap Trap Ltd,Edinburgh,Unknown,Worker (A rating),Skilled Worker
Tarbert Pharmacy,Tarbert,Unknown,Worker (A rating),Skilled Worker
Taste And Twist Ltd,London,Unknown,Worker (A rating),Skilled Worker
Tcm Wealth Limited,London,Unknown,Worker (A rating),Skilled Worker
Tdk Uk Limited,Bracknell,Berkshire,Worker (A rating),Skilled Worker
Team Driving Ltd,London,Unknown,Worker (A rating),Skilled Worker
Teamwork Ims,READING,Berkshire,Worker (A rating),Skilled Worker
Ten Kites Ltd,City of London,London,Worker (A rating),Skilled Worker
Tfc,Welling,Unknown,Worker (A rating),Skilled Worker
The Arth Catering Ltd T/A Indiawaale By The Arth,Hatch End,Unknown,Worker (A rating),Skilled Worker
The Barn Agency Ltd,LONDON,Unknown,Worker (A rating),Skilled Worker
The Beeches Uk Limited,Peterborough,Cambridgeshire,Worker (A rating),Skilled Worker
The Card Shop Ickenham Ltd,Ickenham,Unknown,Worker (A rating),Skilled Worker
The Den Fight Centre Limited,Spalding,Lincolnshire,Worker (A rating),Skilled Worker
The Egg & Veg Food Plaza Restaurant Ltd,London,Unknown,Worker (A rating),Skilled Worker
The Fund Incubator Limited,London,Unknown,Worker (A rating),Skilled Worker
The Greenacres Day Nursery School Ltd,Hampton Hill,Unknown,Worker (A rating),Skilled Worker
The Old Thatch Inn Ltd,Castledawson,DERRY,Worker (A rating),Skilled Worker
The Parochial Church Council Of The Ecclesiastical Parish Of St John The Baptist Leytonstone,London,Unknown,Worker (A rating),Tier 2 Ministers of Religion
The Salocin Group Ltd,Bath,Bath and North East Somerset,Worker (A rating),Skilled Worker
The Somers Town Community Association (Camden),Camden,Unknown,Worker (A rating),Skilled Worker
The Still Waters Church,WAKEFIELD,WEST YORKSHIRE,Temporary Worker (A rating),Religious Worker
The Wyld Herb Company Ltd,London,London,Worker (A rating),Skilled Worker
Thinjack Ltd,Westhill,Aberdeenshire,Worker (A rating),Skilled Worker
Tile Mania Ltd,MANCHESTER,Unknown,Worker (A rating),Skilled Worker
Titanium Autos Limited,London,Unknown,Worker (A rating),Skilled Worker
Tk Airport Solutions S.A.,Slough,Unknown,Worker (A rating),Global Business Mobility: Senior or Specialist Worker
Tk Airport Solutions S.A.,Slough,Unknown,Worker (A rating),Skilled Worker
Touch Associates Limited,Leatherhead,Surrey,Worker (A rating),Skilled Worker
Traditional Threads Limited,Bolton,Unknown,Worker (A rating),Skilled Worker
Triangulate Health Ltd,Doncaster,South Yorkshire,Worker (A rating),Skilled Worker
Trinity Trading And Consulting Limited,Huddersfield,West Yorkshire,Worker (A rating),Skilled Worker
Trustlayer Limited,Basingstoke,Hampshire,Worker (A rating),Skilled Worker
Tunnel Travel Limited,Huddersfield,Unknown,Worker (A rating),Skilled Worker
Ty Derlwyn Ltd,Abergavenny,Monmouthshire,Worker (A rating),Skilled Worker
U R Derder Travel Ltd,Sutton,Unknown,Worker (A rating),Skilled Worker
Uberplas Ltd,LONDON,Unknown,Worker (A rating),Skilled Worker
Uc World-Link Logistic And Distribution Ltd,Blackburn,Unknown,Worker (A rating),Skilled Worker
Uge Dent Ltd,LONDON,Unknown,Worker (A rating),Skilled Worker
Uk Car Park Ltd,Polegate,Polegate,Worker (A rating),Skilled Worker
Uk Netease Interactive Entertainment Limited,Surrey,Unknown,Worker (A rating),Global Business Mobility: Senior or Specialist Worker
Uk Pakiza Halal Foods Limited,Preston,Unknown,Worker (A rating),Skilled Worker
Uk Sequoia International Import And Export Limited,Ilford,Unknown,Worker (A rating),Skilled Worker
Ultrasound Scotland Ltd T/A Ultrasound Direct,Livingston,Unknown,Worker (A rating),Skilled Worker
Union Jacques Limited,London,- select -,Worker (A rating),Skilled Worker
Unique Fabrics (Uk) Ltd,London,Unknown,Worker (A rating),Skilled Worker
United Foods Chain Ltd,Dunstable,Unknown,Worker (B rating),Skilled Worker
United Motors Manchester Ltd,Stockport,Unknown,Worker (A rating),Skilled Worker
Univeron Technologies Limited,Luton,Unknown,Worker (A rating),Skilled Worker
Unravel Technologies Limited,London,Unknown,Worker (A rating),Skilled Worker
V & U Enterprise Ltd,Risca,Wales,Worker (A rating),Skilled Worker
V N Subs Ltd,BRIGHTON,Unknown,Worker (A rating),Skilled Worker
Valstream Ltd,Reading,Unknown,Worker (A rating),Skilled Worker
Vantagerise Ltd T/A Lanton Strategies International,London,Unknown,Worker (A rating),Skilled Worker
Veritycorp Ltd,London,Unknown,Worker (A rating),Skilled Worker
Vida Bank Limited,London,Unknown,Worker (A rating),Skilled Worker
Vincere Healthcare Limited,London,Unknown,Worker (A rating),Skilled Worker
Vintners Gourmet Ltd T/A Vinters Park Tandoori,Maidstone,Kent,Worker (A rating),Skilled Worker
Vinusha Ltd,"Manchester,",Unknown,Worker (A rating),Skilled Worker
Virtual Alliance Limited,Oxford,Oxfordshire,Worker (A rating),Skilled Worker
W.D. Stephen & Co,Nairn,Unknown,Worker (A rating),Skilled Worker
W.M.London Ltd,Feltham,Unknown,Worker (A rating),Skilled Worker
Wangguiren Brighton Ltd T/A Mr Wang Hot Pot Brighton,Brighton,Unknown,Worker (A rating),Skilled Worker
Wapping Dental Centre,LONDON,Unknown,Worker (A rating),Skilled Worker
Watford 3Pl Ltd,Watford,Unknown,Worker (A rating),Skilled Worker
Wayside Communications Ltd,Birmingham,Unknown,Worker (A rating),Skilled Worker
Weefin Esg Uk Ltd,LONDON,Unknown,Worker (A rating),Global Business Mobility: Senior or Specialist Worker
Weefin Esg Uk Ltd,LONDON,Unknown,Worker (A rating),Skilled Worker
Wesley Hall Community Centre,Leicester,Unknown,Worker (A rating),Skilled Worker
Westville Limited,Shirebrook,Nottinghamshire,Worker (A rating),Skilled Worker
Wigan Athletic Afc Limited,Wigan,Lancashire,Worker (A rating),International Sportsperson
Wigan Athletic Afc Limited,Wigan,Lancashire,Worker (A rating),Skilled Worker
William T Healthcare Ltd,Leicester,Leicester,Worker (A rating),Skilled Worker
Wimbledon Clinic,wimbledon,Select,Worker (A rating),Skilled Worker
Woodys 18 Limited T/A Woodstock Stores,Kilmarnock,Unknown,Worker (A rating),Skilled Worker
Worksolv Ltd,Manchester,Unknown,Worker (A rating),Skilled Worker
Worton Construction Limited,Isleworth,Middlesex,Worker (A rating),Skilled Worker
Wss Energy Consulting Limited,Woking,Surrey,Worker (A rating),Skilled Worker
Xenon Services Ltd,London,Unknown,Worker (A rating),Skilled Worker
Y Patel Limited,Chigwell,Essex,Worker (A rating),Skilled Worker
Yako Limited T/A Yako,Pinner,Unknown,Worker (A rating),Skilled Worker
Your Perfect Mate Ltd,BLACKBURN,Unknown,Worker (A rating),Skilled Worker
Your Trip Mate Uk Ltd,London,Unknown,Worker (UK Expansion Worker: Provisional),Global Business Mobility: UK Expansion Worker
Za Construction & Floor Fitting Ltd,Hayes,Unknown,Worker (A rating),Skilled Worker
Zaria Group Uk Limited,London,Unknown,Worker (A rating),Global Business Mobility: Senior or Specialist Worker
Zaria Group Uk Limited,London,Unknown,Worker (A rating),Skilled Worker
Zazus Kitchen Pubs Ltd,Bristol,Unknown,Worker (A rating),Skilled Worker
Zenif Agency Ltd,Bedford,Unknown,Worker (A rating),Skilled Worker
