Organisation Name,Town/City,County,Type & Rating,Route,Domain,Email
A D Foods Ltd,London,Unknown,Worker (A rating),Skilled Worker,adfoodsltd.co.uk,info@adfoodsltd.co.uk
A3/C Partners Llp,London,London,Worker (A rating),Skilled Worker,a3cpartnersllp.co.uk,info@a3cpartnersllp.co.uk
A5 Ng1 Ltd T/A Papa Johns Pizza,Coventry,Unknown,Worker (A rating),Skilled Worker,a5ng1ltdtapapajohnspizza.co.uk,info@a5ng1ltdtapapajohnspizza.co.uk
Aam Insulation Uk Limited,Coventry,Unknown,Worker (A rating),Skilled Worker,aaminsulationuklimited.co.uk,info@aaminsulationuklimited.co.uk
Abacus Nursery School,London,Unknown,Worker (A rating),Skilled Worker,abacusnurseryschool.co.uk,info@abacusnurseryschool.co.uk
Abbey Road Estates Limited,London,Unknown,Worker (A rating),Skilled Worker,abbeyroadestateslimited.co.uk,info@abbeyroadestateslimited.co.uk
Abdul Halal Meat Marsh Farm Ltd,Luton,Unknown,Worker (A rating),Skilled Worker,abdulhalalmeatmarshfarmltd.co.uk,info@abdulhalalmeatmarshfarmltd.co.uk
Accounts & Tax Int Ltd,London,Unknown,Worker (A rating),Skilled Worker,accountstaxintltd.co.uk,info@accountstaxintltd.co.uk
Acebridge Education Ltd,London,Unknown,Worker (A rating),Skilled Worker,acebridgeeducationltd.co.uk,info@acebridgeeducationltd.co.uk
Achieving Above Average Ltd,London,Unknown,Worker (A rating),Skilled Worker,achievingaboveaverageltd.co.uk,info@achievingaboveaverageltd.co.uk
Acx Instruments Ltd,Cambridge,Unknown,Worker (A rating),Skilled Worker,acxinstrumentsltd.co.uk,info@acxinstrumentsltd.co.uk
Adams Loft Ltd,Glasgow,Unknown,Worker (A rating),Skilled Worker,adamsloftltd.co.uk,info@adamsloftltd.co.uk
Adora Hospitality Ltd,Portsmouth,Hampshire,Worker (A rating),Skilled Worker,adorahospitalityltd.co.uk,info@adorahospitalityltd.co.uk
Advanced Musculoskeletal Ultrasound Ltd,Dartford,Kent,Worker (A rating),Skilled Worker,advancedmusculoskeletalultrasoundltd.co.uk,info@advancedmusculoskeletalultrasoundltd.co.uk
Advokatfirmaet Kromann Reumert,London,Unknown,Worker (A rating),Global Business Mobility: Senior or Specialist Worker,advokatfirmaetkromannreumert.co.uk,info@advokatfirmaetkromannreumert.co.uk
Afro Wight Ltd,Newport,Isle of Wight,Worker (A rating),Skilled Worker,afrowightltd.co.uk,info@afrowightltd.co.uk
Agee Care Limited,Stoke-On-Trent,Staffordshire,Worker (A rating),Skilled Worker,ageecarelimited.co.uk,info@ageecarelimited.co.uk
"Agencia Efe,S.A.",London,Unknown,Worker (A rating),Skilled Worker,agenciaefesa.co.uk,info@agenciaefesa.co.uk
Agilerl Ltd,London,Unknown,Worker (A rating),Skilled Worker,agilerlltd.co.uk,info@agilerlltd.co.uk
Agreementsdesk Limited,London,Unknown,Worker (A rating),Skilled Worker,agreementsdesklimited.co.uk,info@agreementsdesklimited.co.uk
Agroexcel International Ltd,Long Eaton,Nottingham,Worker (A rating),Skilled Worker,agroexcelinternationalltd.co.uk,info@agroexcelinternationalltd.co.uk
Agrovista Uk Ltd,Nottingham,Unknown,Worker (A rating),Skilled Worker,agrovistaukltd.co.uk,info@agrovistaukltd.co.uk
Agt Farms Ltd,Gloucester,Gloucestershire,Worker (A rating),Skilled Worker,agtfarmsltd.co.uk,info@agtfarmsltd.co.uk
Ahro Center For Academic Research Limited, London,Unknown,Worker (A rating),Skilled Worker,ahrocenterforacademicresearchlimited.co.uk,info@ahrocenterforacademicresearchlimited.co.uk
Ailux Group Limited,LONDON,Unknown,Worker (A rating),Skilled Worker,ailuxgrouplimited.co.uk,info@ailuxgrouplimited.co.uk
Aira Textiles Limited,Manchester,Unknown,Worker (A rating),Skilled Worker,airatextileslimited.co.uk,info@airatextileslimited.co.uk
Aiyma Ltd,PETERBOROUGH,CAMBS,Worker (A rating),Skilled Worker,aiymaltd.co.uk,info@aiymaltd.co.uk
Aj Boat Canopies Ltd,Daventry,Northamptonshire,Worker (A rating),Skilled Worker,ajboatcanopiesltd.co.uk,info@ajboatcanopiesltd.co.uk
Ajms Consultants,Leeds,Unknown,Worker (A rating),Skilled Worker,ajmsconsultants.co.uk,info@ajmsconsultants.co.uk
Alcas Limited,Hertford,Hertfordshire,Worker (A rating),Skilled Worker,alcaslimited.co.uk,info@alcaslimited.co.uk
Alfa Management Nw Ltd,Oldham,Unknown,Worker (A rating),Skilled Worker,alfamanagementnwltd.co.uk,info@alfamanagementnwltd.co.uk
Algo1 Limited,London,Unknown,Worker (A rating),Skilled Worker,algo1limited.co.uk,info@algo1limited.co.uk
Alifya Education Ltd,London,Unknown,Worker (A rating),Skilled Worker,alifyaeducationltd.co.uk,info@alifyaeducationltd.co.uk
All Saints Benhilton Primary School,Sutton,Choose County,Worker (A rating),Skilled Worker,allsaintsbenhiltonprimaryschool.co.uk,info@allsaintsbenhiltonprimaryschool.co.uk
Allocator One Limited,Brighton,Unknown,Worker (A rating),Skilled Worker,allocatoronelimited.co.uk,info@allocatoronelimited.co.uk
Alora Forecourt Limited,Northolt,Unknown,Worker (A rating),Skilled Worker,aloraforecourtlimited.co.uk,info@aloraforecourtlimited.co.uk
Am Professional Ltd,Manchester,Unknown,Worker (A rating),Skilled Worker,amprofessionalltd.co.uk,info@amprofessionalltd.co.uk
Anri Convenience Store,AMERSHAM,BUCKINGHAMSHIRE,Worker (A rating),Skilled Worker,anriconveniencestore.co.uk,info@anriconveniencestore.co.uk
Anwa Properties Ltd,London,Unknown,Worker (A rating),Skilled Worker,anwapropertiesltd.co.uk,info@anwapropertiesltd.co.uk
Arb Planning Ltd,"Romford,",Unknown,Worker (A rating),Skilled Worker,arbplanningltd.co.uk,info@arbplanningltd.co.uk
Archilizer Ltd,London,Unknown,Worker (A rating),Skilled Worker,archilizerltd.co.uk,info@archilizerltd.co.uk
Ariya African Restaurant & Bar,Bradford,Unknown,Worker (A rating),Skilled Worker,ariyaafricanrestaurantbar.co.uk,info@ariyaafricanrestaurantbar.co.uk
Arjunli Limited,Swindon,Unknown,Worker (A rating),Skilled Worker,arjunlilimited.co.uk,info@arjunlilimited.co.uk
Arsh Enterprises Ltd,Manchester,Unknown,Worker (A rating),Skilled Worker,arshenterprisesltd.co.uk,info@arshenterprisesltd.co.uk
Artbloc Company Ltd,Coventry,Unknown,Worker (A rating),Skilled Worker,artbloccompanyltd.co.uk,info@artbloccompanyltd.co.uk
Asgard Ventures Limited T/A Nagerkovil Arya Bhavan,Tolworth,Surrey,Worker (A rating),Skilled Worker,asgardventureslimitedtanagerkovilaryabhavan.co.uk,info@asgardventureslimitedtanagerkovilaryabhavan.co.uk
Asm Express Ltd,London,Unknown,Worker (A rating),Skilled Worker,asmexpressltd.co.uk,info@asmexpressltd.co.uk
Aspire Laboratories Ltd,East Dagenham,Unknown,Worker (A rating),Skilled Worker,aspirelaboratoriesltd.co.uk,info@aspirelaboratoriesltd.co.uk
Atempo Growth,London,Unknown,Worker (A rating),Skilled Worker,atempogrowth.co.uk,info@atempogrowth.co.uk
Atmiya Enterprise Ltd,Clifton,Nottingham,Worker (A rating),Skilled Worker,atmiyaenterpriseltd.co.uk,info@atmiyaenterpriseltd.co.uk
Aura Energy Uk Limited,London,Unknown,Worker (UK Expansion Worker: Provisional),Global Business Mobility: UK Expansion Worker,auraenergyuklimited.co.uk,info@auraenergyuklimited.co.uk
Aurora Energy Research Ltd,Oxford,Unknown,Worker (A rating),Skilled Worker,auroraenergyresearchltd.co.uk,info@auroraenergyresearchltd.co.uk
Avondale Care Home Limited,Leigh-on-Sea,Unknown,Worker (A rating),Skilled Worker,avondalecarehomelimited.co.uk,info@avondalecarehomelimited.co.uk
Az Beauty & Hair Ltd,Croydon,Unknown,Worker (A rating),Skilled Worker,azbeautyhairltd.co.uk,info@azbeautyhairltd.co.uk
Back To Basics Care & Training Limited,LIanelli,Carmarthenshire,Worker (A rating),Skilled Worker,backtobasicscaretraininglimited.co.uk,info@backtobasicscaretraininglimited.co.uk
Barter For Things Ltd,Eastleigh,Hampshire,Worker (A rating),Skilled Worker,barterforthingsltd.co.uk,info@barterforthingsltd.co.uk
Bartley Green School,Birmingham,Unknown,Worker (A rating),Skilled Worker,bartleygreenschool.co.uk,info@bartleygreenschool.co.uk
Basil Sheils Bar & Restaurant Ltd,TASSAGH,NORTHERN IRELAND,Worker (A rating),Skilled Worker,basilsheilsbarrestaurantltd.co.uk,info@basilsheilsbarrestaurantltd.co.uk
Basingstoke Bison,Basingstoke,Unknown,Worker (A rating),International Sportsperson,basingstokebison.co.uk,info@basingstokebison.co.uk
Bathgate House Limited,BATHGATE,Unknown,Worker (A rating),Skilled Worker,bathgatehouselimited.co.uk,info@bathgatehouselimited.co.uk
Bb Newworxs Ltd,London,Unknown,Worker (UK Expansion Worker: Provisional),Global Business Mobility: UK Expansion Worker,bbnewworxsltd.co.uk,info@bbnewworxsltd.co.uk
Beacon Medical,Cleethorpes,NE Lincs,Worker (A rating),Skilled Worker,beaconmedical.co.uk,info@beaconmedical.co.uk
Belleza Beauty & Spa Ltd T/A Belleza Beauty,Colchester,Unknown,Worker (A rating),Skilled Worker,bellezabeautyspaltdtabellezabeauty.co.uk,info@bellezabeautyspaltdtabellezabeauty.co.uk
Belmont Healthcare (Copper) Limited T/A Belmont Healthcare (Copper Beeches) Limited,Redditch,Worcestershir,Worker (A rating),Skilled Worker,belmonthealthcarecopperlimitedtabelmonthealthcarecopperbeecheslimited.co.uk,info@belmonthealthcarecopperlimitedtabelmonthealthcarecopperbeecheslimited.co.uk
Bennett Hay Ltd.,London,Unknown,Worker (A rating),Skilled Worker,bennetthayltd.co.uk,info@bennetthayltd.co.uk
Best Deal Shipping Ltd,LEICESTER,Unknown,Worker (A rating),Skilled Worker,bestdealshippingltd.co.uk,info@bestdealshippingltd.co.uk
Beta Capital Management (Uk) Limited,London,England,Worker (A rating),Skilled Worker,betacapitalmanagementuklimited.co.uk,info@betacapitalmanagementuklimited.co.uk
Beur Limited,London,Unknown,Worker (A rating),Skilled Worker,beurlimited.co.uk,info@beurlimited.co.uk
Bfc Distribution Limited T/A B F C Distribution,London,Unknown,Worker (A rating),Skilled Worker,bfcdistributionlimitedtabfcdistribution.co.uk,info@bfcdistributionlimitedtabfcdistribution.co.uk
Bharat Ventures Limited T/A Morrisons,London,Unknown,Worker (A rating),Skilled Worker,bharatventureslimitedtamorrisons.co.uk,info@bharatventureslimitedtamorrisons.co.uk
Bigger Boat Group Limited,Manchester,Unknown,Worker (A rating),Skilled Worker,biggerboatgrouplimited.co.uk,info@biggerboatgrouplimited.co.uk
Birch Care Ltd,Stockport,Unknown,Worker (A rating),Skilled Worker,birchcareltd.co.uk,info@birchcareltd.co.uk
Birmingham Repertory Theatre Ltd,Birmingham,Unknown,Temporary Worker (A rating),Charity Worker,birminghamrepertorytheatreltd.co.uk,info@birminghamrepertorytheatreltd.co.uk
Bishop'S Stratford Ms Sushi Ltd,OXFORD,Unknown,Worker (A rating),Skilled Worker,bishopsstratfordmssushiltd.co.uk,info@bishopsstratfordmssushiltd.co.uk
Blackburn International (Uk) Limited,Surrey,Unknown,Worker (A rating),Skilled Worker,blackburninternationaluklimited.co.uk,info@blackburninternationaluklimited.co.uk
Blb Lakeside Ltd T/A Brick Lane Bagel Co,Grays,Unknown,Worker (A rating),Skilled Worker,blblakesideltdtabricklanebagelco.co.uk,info@blblakesideltdtabricklanebagelco.co.uk
Blue Moon Grocery Store Ltd,London,Unknown,Worker (A rating),Skilled Worker,bluemoongrocerystoreltd.co.uk,info@bluemoongrocerystoreltd.co.uk
Blyth Hall Management Services Limited,Atherstone,Unknown,Worker (A rating),Skilled Worker,blythhallmanagementserviceslimited.co.uk,info@blythhallmanagementserviceslimited.co.uk
Brava Cars Ltd,Redditch,Unknown,Worker (A rating),Skilled Worker,bravacarsltd.co.uk,info@bravacarsltd.co.uk
Bright Start Day Nursery Ltd,London,Unknown,Worker (A rating),Skilled Worker,brightstartdaynurseryltd.co.uk,info@brightstartdaynurseryltd.co.uk
Brio Real Estate (Uk) Limited,London,Unknown,Worker (A rating),Skilled Worker,briorealestateuklimited.co.uk,info@briorealestateuklimited.co.uk
Broadway Academy Trust,Birmingham,West Midlands,Worker (A rating),Skilled Worker,broadwayacademytrust.co.uk,info@broadwayacademytrust.co.uk
Bs Care Providers  Ltd,Arnold,Nottingham,Worker (A rating),Skilled Worker,bscareprovidersltd.co.uk,info@bscareprovidersltd.co.uk
Buraaq Foods Ltd,Walsall,West Midlands,Worker (A rating),Skilled Worker,buraaqfoodsltd.co.uk,info@buraaqfoodsltd.co.uk
Burton Sweet Limited,Shepton Mallet,Somerset,Worker (A rating),Skilled Worker,burtonsweetlimited.co.uk,info@burtonsweetlimited.co.uk
C.P.G. (Wales) Limited,Swansea,Wales,Worker (A rating),Skilled Worker,cpgwaleslimited.co.uk,info@cpgwaleslimited.co.uk
Caa Base Limited,London,Unknown,Worker (A rating),Skilled Worker,caabaselimited.co.uk,info@caabaselimited.co.uk
Cadensys Limited,London,Unknown,Worker (A rating),Skilled Worker,cadensyslimited.co.uk,info@cadensyslimited.co.uk
"Caldwell Ip, Ltd",London,Unknown,Worker (A rating),Skilled Worker,caldwellipltd.co.uk,info@caldwellipltd.co.uk
Cambon Partners Ltd,London,Unknown,Worker (A rating),Global Business Mobility: Senior or Specialist Worker,cambonpartnersltd.co.uk,info@cambonpartnersltd.co.uk
Cambon Partners Ltd,London,Unknown,Worker (A rating),Skilled Worker,cambonpartnersltd.co.uk,info@cambonpartnersltd.co.uk
Cambridge Rewinds Limited,Cambridge,Unknown,Worker (A rating),Skilled Worker,cambridgerewindslimited.co.uk,info@cambridgerewindslimited.co.uk
Camdor Global Advisors Ltd,London,Unknown,Worker (A rating),Skilled Worker,camdorglobaladvisorsltd.co.uk,info@camdorglobaladvisorsltd.co.uk
Camp Services Ltd,London,Unknown,Worker (A rating),Skilled Worker,campservicesltd.co.uk,info@campservicesltd.co.uk
Capital Vehicle Maintenance Limited,Isleworth,Unknown,Worker (A rating),Skilled Worker,capitalvehiclemaintenancelimited.co.uk,info@capitalvehiclemaintenancelimited.co.uk
Cardiff Union Services Limited,Cardiff,Unknown,Worker (A rating),Skilled Worker,cardiffunionserviceslimited.co.uk,info@cardiffunionserviceslimited.co.uk
Care At Home Services (South East) Ltd.,Tunbridge Wells,Unknown,Worker (A rating),Skilled Worker,careathomeservicessoutheastltd.co.uk,info@careathomeservicessoutheastltd.co.uk
Caspertron Ltd,Manchester,Unknown,Worker (A rating),Skilled Worker,caspertronltd.co.uk,info@caspertronltd.co.uk
Cbc Uk Limited,London,Unknown,Worker (A rating),Skilled Worker,cbcuklimited.co.uk,info@cbcuklimited.co.uk
Ceg Constructions & Home Improvements Ltd,St Neots,Cambridgeshire,Worker (A rating),Skilled Worker,cegconstructionshomeimprovementsltd.co.uk,info@cegconstructionshomeimprovementsltd.co.uk
Centrespace Design Llp,Henley on Thames,Unknown,Worker (A rating),Skilled Worker,centrespacedesignllp.co.uk,info@centrespacedesignllp.co.uk
Centrus Financial Advisors Limited,London,Unknown,Worker (A rating),Global Business Mobility: Senior or Specialist Worker,centrusfinancialadvisorslimited.co.uk,info@centrusfinancialadvisorslimited.co.uk
Centrus Financial Advisors Limited,London,Unknown,Worker (A rating),Skilled Worker,centrusfinancialadvisorslimited.co.uk,info@centrusfinancialadvisorslimited.co.uk
Chai&Curry Ltd,Manchester,Unknown,Worker (A rating),Skilled Worker,chaicurryltd.co.uk,info@chaicurryltd.co.uk
Chaiibox Birmingham Ltd,Birmingham,Birmingham,Worker (A rating),Skilled Worker,chaiiboxbirminghamltd.co.uk,info@chaiiboxbirminghamltd.co.uk
Cheeky Scone Limited,PINNER,Unknown,Worker (A rating),Skilled Worker,cheekysconelimited.co.uk,info@cheekysconelimited.co.uk
Chessvantage Academy Limited,London,Unknown,Worker (A rating),Skilled Worker,chessvantageacademylimited.co.uk,info@chessvantageacademylimited.co.uk
Chin Chin Choo Limited T/A Cho Asia,London,Unknown,Worker (A rating),Skilled Worker,chinchinchoolimitedtachoasia.co.uk,info@chinchinchoolimitedtachoasia.co.uk
Chocohugs Ltd,NEWCASTLE UPON TYNE,TYNE AND WEAR,Worker (A rating),Skilled Worker,chocohugsltd.co.uk,info@chocohugsltd.co.uk
Circle Leaf Ltd,Coulsdon,Unknown,Worker (A rating),Skilled Worker,circleleafltd.co.uk,info@circleleafltd.co.uk
Clean World Birmingham Ltd,Birmingham,Unknown,Worker (A rating),Skilled Worker,cleanworldbirminghamltd.co.uk,info@cleanworldbirminghamltd.co.uk
Clifton Medical Practice,Nottingham,Nottinghamshire,Worker (A rating),Skilled Worker,cliftonmedicalpractice.co.uk,info@cliftonmedicalpractice.co.uk
Cloudvplus Holdings Ltd,Portsmouth,Hampshire,Worker (A rating),Skilled Worker,cloudvplusholdingsltd.co.uk,info@cloudvplusholdingsltd.co.uk
Colham Manor Primary School,Uxbridge,Unknown,Worker (A rating),Skilled Worker,colhammanorprimaryschool.co.uk,info@colhammanorprimaryschool.co.uk
Competitive Security Services Limited,Southall,Unknown,Worker (A rating),Skilled Worker,competitivesecurityserviceslimited.co.uk,info@competitivesecurityserviceslimited.co.uk
Connectcom Solutions Ltd,London,Unknown,Worker (A rating),Skilled Worker,connectcomsolutionsltd.co.uk,info@connectcomsolutionsltd.co.uk
Constantia Ffp Ltd,Northampton,Unknown,Worker (A rating),Global Business Mobility: Senior or Specialist Worker,constantiaffpltd.co.uk,info@constantiaffpltd.co.uk
Constantia Ffp Ltd,Northampton,Unknown,Worker (A rating),Skilled Worker,constantiaffpltd.co.uk,info@constantiaffpltd.co.uk
Coralogix Uk Limited,London,Unknown,Worker (A rating),Global Business Mobility: Senior or Specialist Worker,coralogixuklimited.co.uk,info@coralogixuklimited.co.uk
Coralogix Uk Limited,London,Unknown,Worker (A rating),Skilled Worker,coralogixuklimited.co.uk,info@coralogixuklimited.co.uk
Cordles Design Limited,London,London,Worker (A rating),Skilled Worker,cordlesdesignlimited.co.uk,info@cordlesdesignlimited.co.uk
Core Lean Uk Ltd,Sutton,Unknown,Worker (A rating),Skilled Worker,coreleanukltd.co.uk,info@coreleanukltd.co.uk
Corpus Christi Catholic Academy Trust,Manchester,Greater Manchester,Worker (A rating),Skilled Worker,corpuschristicatholicacademytrust.co.uk,info@corpuschristicatholicacademytrust.co.uk
Covbun Ltd,Coventry,Unknown,Worker (A rating),Skilled Worker,covbunltd.co.uk,info@covbunltd.co.uk
Cream Group Limited,London,Unknown,Worker (A rating),Skilled Worker,creamgrouplimited.co.uk,info@creamgrouplimited.co.uk
Croftwood Care (Cheshire) Limited,Surrey,Unknown,Worker (A rating),Skilled Worker,croftwoodcarecheshirelimited.co.uk,info@croftwoodcarecheshirelimited.co.uk
Crosby Community Care Limited,NEWARK,Unknown,Worker (A rating),Skilled Worker,crosbycommunitycarelimited.co.uk,info@crosbycommunitycarelimited.co.uk
Crossfield Service Centre,Blackburn,Unknown,Worker (A rating),Skilled Worker,crossfieldservicecentre.co.uk,info@crossfieldservicecentre.co.uk
Croydon Hybrid Parts Ltd,Croydon,Unknown,Worker (A rating),Skilled Worker,croydonhybridpartsltd.co.uk,info@croydonhybridpartsltd.co.uk
Crystal Hall,Preston,Lancashire,Worker (A rating),Skilled Worker,crystalhall.co.uk,info@crystalhall.co.uk
Cumulocity (Uk) Ltd,Histon,Unknown,Worker (A rating),Skilled Worker,cumulocityukltd.co.uk,info@cumulocityukltd.co.uk
Cw Aberdeen Limited,Aberdeen,Unknown,Worker (A rating),Skilled Worker,cwaberdeenlimited.co.uk,info@cwaberdeenlimited.co.uk
Cyberwave It Limited,Radlett,Unknown,Worker (A rating),Skilled Worker,cyberwaveitlimited.co.uk,info@cyberwaveitlimited.co.uk
Daa-M Property Management Ltd,Newport,Unknown,Worker (A rating),Skilled Worker,daampropertymanagementltd.co.uk,info@daampropertymanagementltd.co.uk
Dcat Hotels & Restaurant Limited,Brackley,Unknown,Worker (A rating),Skilled Worker,dcathotelsrestaurantlimited.co.uk,info@dcathotelsrestaurantlimited.co.uk
De Banke Group Limited,Solihull,Unknown,Worker (A rating),Skilled Worker,debankegrouplimited.co.uk,info@debankegrouplimited.co.uk
Defenceart Ltd,LONDON,Unknown,Worker (A rating),Skilled Worker,defenceartltd.co.uk,info@defenceartltd.co.uk
Dephna Group Limited,London,Unknown,Worker (A rating),Skilled Worker,dephnagrouplimited.co.uk,info@dephnagrouplimited.co.uk
Derbysoft (Uk) Limited,London,Unknown,Worker (A rating),Skilled Worker,derbysoftuklimited.co.uk,info@derbysoftuklimited.co.uk
Desi Khazana Limited,LEICESTER,Unknown,Worker (A rating),Skilled Worker,desikhazanalimited.co.uk,info@desikhazanalimited.co.uk
Design Storey Limited,Oxford,Unknown,Worker (A rating),Skilled Worker,designstoreylimited.co.uk,info@designstoreylimited.co.uk
Dhch14 Limited,Southport,Unknown,Worker (A rating),Skilled Worker,dhch14limited.co.uk,info@dhch14limited.co.uk
Dhz Pharmaceuticals Limited,Manchester,Unknown,Worker (A rating),Skilled Worker,dhzpharmaceuticalslimited.co.uk,info@dhzpharmaceuticalslimited.co.uk
Diamond Export Industries Ltd,London,Unknown,Worker (UK Expansion Worker: Provisional),Global Business Mobility: UK Expansion Worker,diamondexportindustriesltd.co.uk,info@diamondexportindustriesltd.co.uk
Digi Broadcast Company Limited,"Chessington, London",Unknown,Worker (A rating),Skilled Worker,digibroadcastcompanylimited.co.uk,info@digibroadcastcompanylimited.co.uk
Dm & Fm Jones Calcourt Farms,powys,Unknown,Worker (A rating),Skilled Worker,dmfmjonescalcourtfarms.co.uk,info@dmfmjonescalcourtfarms.co.uk
Doner Gyros Reading Ltd T/A Mr T'S,Reading,Unknown,Worker (A rating),Skilled Worker,donergyrosreadingltdtamrts.co.uk,info@donergyrosreadingltdtamrts.co.uk
Dprs Scots Limited T/A Domino'S Pizza,Dartford,Unknown,Worker (A rating),Skilled Worker,dprsscotslimitedtadominospizza.co.uk,info@dprsscotslimitedtadominospizza.co.uk
Dr Craig Needs T/A Over Surgery,Cambridge,Unknown,Worker (A rating),Skilled Worker,drcraigneedstaoversurgery.co.uk,info@drcraigneedstaoversurgery.co.uk
Dr Shahrzad Yeganeh T/A Newport Road Dental Clinic,Cardiff,Unknown,Worker (A rating),Skilled Worker,drshahrzadyeganehtanewportroaddentalclinic.co.uk,info@drshahrzadyeganehtanewportroaddentalclinic.co.uk
Drink Stop Express Limited,Wolverhampton,Unknown,Worker (A rating),Skilled Worker,drinkstopexpresslimited.co.uk,info@drinkstopexpresslimited.co.uk
Durra Al-Baqa Uk Ltd,London,Unknown,Worker (A rating),Skilled Worker,durraalbaqaukltd.co.uk,info@durraalbaqaukltd.co.uk
Dvf Products Limited,Huddersfield,England,Worker (A rating),Skilled Worker,dvfproductslimited.co.uk,info@dvfproductslimited.co.uk
Dvp Sai Ltd T/A Southwark Park Road Post Office,London,Unknown,Worker (A rating),Skilled Worker,dvpsailtdtasouthwarkparkroadpostoffice.co.uk,info@dvpsailtdtasouthwarkparkroadpostoffice.co.uk
Early Years Organisation,Belfast,Antrim,Temporary Worker (A rating),Charity Worker,earlyyearsorganisation.co.uk,info@earlyyearsorganisation.co.uk
Echos Education Ltd,London,Unknown,Worker (A rating),Skilled Worker,echoseducationltd.co.uk,info@echoseducationltd.co.uk
Elite Community Ultrasound Ltd,Ashford,Kent,Worker (A rating),Skilled Worker,elitecommunityultrasoundltd.co.uk,info@elitecommunityultrasoundltd.co.uk
Elite Exchange Ltd,Luton,Unknown,Worker (A rating),Skilled Worker,eliteexchangeltd.co.uk,info@eliteexchangeltd.co.uk
Elocker Limited,Daventry,Unknown,Worker (A rating),Skilled Worker,elockerlimited.co.uk,info@elockerlimited.co.uk
Ely Diocesan Board Of Finance,Witchford Nr Ely,Cambridgeshire,Temporary Worker (A rating),Religious Worker,elydiocesanboardoffinance.co.uk,info@elydiocesanboardoffinance.co.uk
Ely Diocesan Board Of Finance,Witchford Nr Ely,Cambridgeshire,Worker (A rating),Tier 2 Ministers of Religion,elydiocesanboardoffinance.co.uk,info@elydiocesanboardoffinance.co.uk
Embassy Of The State Of Kuwait,LONDON,Unknown,Worker (A rating),Skilled Worker,embassyofthestateofkuwait.co.uk,info@embassyofthestateofkuwait.co.uk
Eminence Inc Limited,London,Unknown,Worker (A rating),Skilled Worker,eminenceinclimited.co.uk,info@eminenceinclimited.co.uk
Emma Wells Tennis Limited,London,Unknown,Worker (A rating),Skilled Worker,emmawellstennislimited.co.uk,info@emmawellstennislimited.co.uk
Emmalex Consult Ltd.,Milton Keynes,Buckinghamshire,Worker (A rating),Skilled Worker,emmalexconsultltd.co.uk,info@emmalexconsultltd.co.uk
Enerfloat Ltd,Aberdeen,Aberdeenshire,Worker (A rating),Skilled Worker,enerfloatltd.co.uk,info@enerfloatltd.co.uk
Energise Sussex Coast,Bexhill,East Sussex,Worker (A rating),Skilled Worker,energisesussexcoast.co.uk,info@energisesussexcoast.co.uk
Enva Plastics Limited,Bilsthorpe,Nottinghamshire,Worker (A rating),Skilled Worker,envaplasticslimited.co.uk,info@envaplasticslimited.co.uk
Essensium Uk Ltd,London,Unknown,Worker (A rating),Skilled Worker,essensiumukltd.co.uk,info@essensiumukltd.co.uk
Esthetichem Limited,Cradley Heath,Unknown,Worker (A rating),Skilled Worker,esthetichemlimited.co.uk,info@esthetichemlimited.co.uk
Euphoric Global,London,Unknown,Worker (A rating),Skilled Worker,euphoricglobal.co.uk,info@euphoricglobal.co.uk
Eurolink (Uk) Ltd,Hatfield,Unknown,Worker (A rating),Skilled Worker,eurolinkukltd.co.uk,info@eurolinkukltd.co.uk
Euy Limited,LONDON,Unknown,Worker (A rating),Skilled Worker,euylimited.co.uk,info@euylimited.co.uk
Evergreen Livestock Ltd,Swaffham,Unknown,Worker (A rating),Skilled Worker,evergreenlivestockltd.co.uk,info@evergreenlivestockltd.co.uk
Excel Brands Ltd,DONCASTER,Unknown,Worker (A rating),Skilled Worker,excelbrandsltd.co.uk,info@excelbrandsltd.co.uk
Ez Ramyeon Ltd,Nottingham,Unknown,Worker (A rating),Skilled Worker,ezramyeonltd.co.uk,info@ezramyeonltd.co.uk
Ezi Technology Limited,EAST TILBURY,ESSEX,Worker (A rating),Skilled Worker,ezitechnologylimited.co.uk,info@ezitechnologylimited.co.uk
F&T Design Consultants Limited,London,Unknown,Worker (A rating),Skilled Worker,ftdesignconsultantslimited.co.uk,info@ftdesignconsultantslimited.co.uk
F. Schumacher & Co. Uk Ltd,London,Unknown,Worker (A rating),Global Business Mobility: Senior or Specialist Worker,fschumachercoukltd.co.uk,info@fschumachercoukltd.co.uk
F. Schumacher & Co. Uk Ltd,London,Unknown,Worker (A rating),Skilled Worker,fschumachercoukltd.co.uk,info@fschumachercoukltd.co.uk
Fairfax Store Ltd,Kidlington,Unknown,Worker (A rating),Skilled Worker,fairfaxstoreltd.co.uk,info@fairfaxstoreltd.co.uk
Fareport Training Organisation Limited,Fareham,Unknown,Worker (A rating),Skilled Worker,fareporttrainingorganisationlimited.co.uk,info@fareporttrainingorganisationlimited.co.uk
Farhad Mashadi Limited," Hornchurch, England",Unknown,Worker (A rating),Skilled Worker,farhadmashadilimited.co.uk,info@farhadmashadilimited.co.uk
Farmhouse Wembley Ltd,Wembley,Unknown,Worker (A rating),Skilled Worker,farmhousewembleyltd.co.uk,info@farmhousewembleyltd.co.uk
Fast Pc & Mobile Tech Ltd,Leeds,Unknown,Worker (A rating),Skilled Worker,fastpcmobiletechltd.co.uk,info@fastpcmobiletechltd.co.uk
Fatima Tandoori Ltd,Manchester,Unknown,Worker (A rating),Skilled Worker,fatimatandooriltd.co.uk,info@fatimatandooriltd.co.uk
Fides Box And Pack Limited,Maidenhead,Unknown,Worker (UK Expansion Worker: Provisional),Global Business Mobility: UK Expansion Worker,fidesboxandpacklimited.co.uk,info@fidesboxandpacklimited.co.uk
Find Cab Ltd,Manchester,Lancashire,Worker (A rating),Skilled Worker,findcabltd.co.uk,info@findcabltd.co.uk
Fire Safe Windows & Doors Ltd,Stanmore,Unknown,Worker (A rating),Skilled Worker,firesafewindowsdoorsltd.co.uk,info@firesafewindowsdoorsltd.co.uk
First Tone Ltd,London,Unknown,Worker (A rating),Skilled Worker,firsttoneltd.co.uk,info@firsttoneltd.co.uk
Flawless Uk Vape Distribution Ltd,Leicester,Leicestershire,Worker (A rating),Skilled Worker,flawlessukvapedistributionltd.co.uk,info@flawlessukvapedistributionltd.co.uk
Flow Controls Uk Limited,BOLTON,GREATER MANCHESTER,Worker (A rating),Skilled Worker,flowcontrolsuklimited.co.uk,info@flowcontrolsuklimited.co.uk
Flytec Ltd,Horsham,Unknown,Worker (A rating),Skilled Worker,flytecltd.co.uk,info@flytecltd.co.uk
Fok Trading Limited,London,Unknown,Worker (A rating),Skilled Worker,foktradinglimited.co.uk,info@foktradinglimited.co.uk
Forty Eight Point One Ltd,London,England,Worker (A rating),Skilled Worker,fortyeightpointoneltd.co.uk,info@fortyeightpointoneltd.co.uk
Fourth Of March Limited/Trading Name Racil,London,Unknown,Worker (A rating),Skilled Worker,fourthofmarchlimitedtradingnameracil.co.uk,info@fourthofmarchlimitedtradingnameracil.co.uk
Frontline News & Media Limited,London,Unknown,Worker (A rating),Skilled Worker,frontlinenewsmedialimited.co.uk,info@frontlinenewsmedialimited.co.uk
Full Circle Living Ltd,Maidstone,Unknown,Worker (A rating),Skilled Worker,fullcirclelivingltd.co.uk,info@fullcirclelivingltd.co.uk
Full Volume Pr Limited,Manchester,Unknown,Worker (A rating),Skilled Worker,fullvolumeprlimited.co.uk,info@fullvolumeprlimited.co.uk
Fullhurst Community College,Leicester,Unknown,Worker (A rating),Skilled Worker,fullhurstcommunitycollege.co.uk,info@fullhurstcommunitycollege.co.uk
Gaea Ai Limited,London,Unknown,Worker (A rating),Skilled Worker,gaeaailimited.co.uk,info@gaeaailimited.co.uk
Galaxy Uk Restaurants Ltd,Hyde,Unknown,Worker (A rating),Skilled Worker,galaxyukrestaurantsltd.co.uk,info@galaxyukrestaurantsltd.co.uk
Galvinus Ltd,Rugby,Warwickshire,Worker (A rating),Skilled Worker,galvinusltd.co.uk,info@galvinusltd.co.uk
Galwad Y Mor Shellfish Ltd,Bridlington,East Riding of Yorkshire,Worker (A rating),Skilled Worker,galwadymorshellfishltd.co.uk,info@galwadymorshellfishltd.co.uk
Gandecha & Pau Solicitors,London,Unknown,Worker (A rating),Skilled Worker,gandechapausolicitors.co.uk,info@gandechapausolicitors.co.uk
Gates Cars Ltd,London,Unknown,Worker (A rating),Skilled Worker,gatescarsltd.co.uk,info@gatescarsltd.co.uk
Gentle Folk Community Care Ltd,Norfolk,Unknown,Worker (A rating),Skilled Worker,gentlefolkcommunitycareltd.co.uk,info@gentlefolkcommunitycareltd.co.uk
Get Consult Ltd,London,Unknown,Worker (A rating),Skilled Worker,getconsultltd.co.uk,info@getconsultltd.co.uk
Get Set Hire Ltd,London,Unknown,Worker (A rating),Skilled Worker,getsethireltd.co.uk,info@getsethireltd.co.uk
Ghenova Uk Ltd,Bristol,Unknown,Worker (A rating),Skilled Worker,ghenovaukltd.co.uk,info@ghenovaukltd.co.uk
Gm Poverty Action Limited  Trading As Resolve Poverty,Manchester,Unknown,Worker (A rating),Skilled Worker,gmpovertyactionlimitedtradingasresolvepoverty.co.uk,info@gmpovertyactionlimitedtradingasresolvepoverty.co.uk
Gntk Ltd,Tiverton,Unknown,Worker (A rating),Skilled Worker,gntkltd.co.uk,info@gntkltd.co.uk
Goldendale House Care Home,Stoke-on-Trent,Unknown,Worker (A rating),Skilled Worker,goldendalehousecarehome.co.uk,info@goldendalehousecarehome.co.uk
Goodfire Ai Uk Limited,London,Unknown,Worker (A rating),Skilled Worker,goodfireaiuklimited.co.uk,info@goodfireaiuklimited.co.uk
Grace 1442 Limited T/A Leelas,Oxfordshire,Unknown,Worker (A rating),Skilled Worker,grace1442limitedtaleelas.co.uk,info@grace1442limitedtaleelas.co.uk
Grainflow Operations Ltd,LONDON,Unknown,Worker (A rating),Skilled Worker,grainflowoperationsltd.co.uk,info@grainflowoperationsltd.co.uk
Grainger Cable Installations Ltd,Gateshead,Unknown,Worker (A rating),Skilled Worker,graingercableinstallationsltd.co.uk,info@graingercableinstallationsltd.co.uk
Granville Convenience Store,Kingswinford,Unknown,Worker (A rating),Skilled Worker,granvilleconveniencestore.co.uk,info@granvilleconveniencestore.co.uk
Gridlines Group Ltd,Manchester,Unknown,Worker (A rating),Skilled Worker,gridlinesgroupltd.co.uk,info@gridlinesgroupltd.co.uk
Groom Guru Natural Dog Spa & Daycare Limited,London,Unknown,Worker (A rating),Skilled Worker,groomgurunaturaldogspadaycarelimited.co.uk,info@groomgurunaturaldogspadaycarelimited.co.uk
Guilford Hotel,London,Unknown,Worker (A rating),Skilled Worker,guilfordhotel.co.uk,info@guilfordhotel.co.uk
Gurkha Lounge Colchester Limited,Colchester,Unknown,Worker (A rating),Skilled Worker,gurkhaloungecolchesterlimited.co.uk,info@gurkhaloungecolchesterlimited.co.uk
H2 Beauty Co Ltd,Birmingham,Unknown,Worker (A rating),Skilled Worker,h2beautycoltd.co.uk,info@h2beautycoltd.co.uk
Haberdashers' Elstree Schools,Elstree,Hertfordshire,Worker (A rating),Skilled Worker,haberdasherselstreeschools.co.uk,info@haberdasherselstreeschools.co.uk
Haddleton & Co Limited,Harrogate,North Yorkshire,Worker (A rating),Skilled Worker,haddletoncolimited.co.uk,info@haddletoncolimited.co.uk
Hadleigh Dental And Cosmetics Centre,Hadleigh,Benfleet,Worker (A rating),Skilled Worker,hadleighdentalandcosmeticscentre.co.uk,info@hadleighdentalandcosmeticscentre.co.uk
Hampshire Sport And Leisure Holdings Limited,Southampton,Unknown,Worker (A rating),Skilled Worker,hampshiresportandleisureholdingslimited.co.uk,info@hampshiresportandleisureholdingslimited.co.uk
Hamshaw Care Home Ltd,Heanor,Unknown,Worker (A rating),Skilled Worker,hamshawcarehomeltd.co.uk,info@hamshawcarehomeltd.co.uk
Hanami Lic Limited,Glasgow,Unknown,Worker (A rating),Skilled Worker,hanamiliclimited.co.uk,info@hanamiliclimited.co.uk
Harborne Academy,Birmingham,United Kingdom,Worker (A rating),Skilled Worker,harborneacademy.co.uk,info@harborneacademy.co.uk
Hasan Cetinkaya T/A Adda Restaurant,Edinburgh,Unknown,Worker (A rating),Skilled Worker,hasancetinkayataaddarestaurant.co.uk,info@hasancetinkayataaddarestaurant.co.uk
Haylo M&E Limited,Harrow,Middlesex,Worker (A rating),Skilled Worker,haylomelimited.co.uk,info@haylomelimited.co.uk
Haywards Heath Visionplus Limited T/A Specsavers,Haywards Heath,Unknown,Worker (A rating),Skilled Worker,haywardsheathvisionpluslimitedtaspecsavers.co.uk,info@haywardsheathvisionpluslimitedtaspecsavers.co.uk
Hennessy Living Group,Chester Le Street,Durham,Worker (A rating),Skilled Worker,hennessylivinggroup.co.uk,info@hennessylivinggroup.co.uk
Hesus Uk Limited,London,Unknown,Worker (A rating),Skilled Worker,hesusuklimited.co.uk,info@hesusuklimited.co.uk
Highland Motors Ltd,Portree,Unknown,Worker (A rating),Skilled Worker,highlandmotorsltd.co.uk,info@highlandmotorsltd.co.uk
Hillside Lodge Care Home,Berwick-upon-tweed,Unknown,Worker (A rating),Skilled Worker,hillsidelodgecarehome.co.uk,info@hillsidelodgecarehome.co.uk
Hindu Buddhist Cultural Association,London,Unknown,Worker (A rating),Tier 2 Ministers of Religion,hindubuddhistculturalassociation.co.uk,info@hindubuddhistculturalassociation.co.uk
Hindu Buddhist Cultural Association,London,Unknown,Worker (A rating),Skilled Worker,hindubuddhistculturalassociation.co.uk,info@hindubuddhistculturalassociation.co.uk
Hindu Buddhist Cultural Association,London,Unknown,Temporary Worker (A rating),Charity Worker,hindubuddhistculturalassociation.co.uk,info@hindubuddhistculturalassociation.co.uk
Hindu Buddhist Cultural Association,London,Unknown,Temporary Worker (A rating),Religious Worker,hindubuddhistculturalassociation.co.uk,info@hindubuddhistculturalassociation.co.uk
Hn Trading Holdings Ltd,London,Unknown,Worker (A rating),Skilled Worker,hntradingholdingsltd.co.uk,info@hntradingholdingsltd.co.uk
Holapets Ltd,London,Unknown,Worker (A rating),Skilled Worker,holapetsltd.co.uk,info@holapetsltd.co.uk
Hollway Advisory Services Uk Ltd,Borehamwood,Unknown,Worker (A rating),Global Business Mobility: Senior or Specialist Worker,hollwayadvisoryservicesukltd.co.uk,info@hollwayadvisoryservicesukltd.co.uk
Hollway Advisory Services Uk Ltd,Borehamwood,Unknown,Worker (A rating),Skilled Worker,hollwayadvisoryservicesukltd.co.uk,info@hollwayadvisoryservicesukltd.co.uk
Holy Trinity Frogmore,St Albans,Hertfordshire,Worker (A rating),Tier 2 Ministers of Religion,holytrinityfrogmore.co.uk,info@holytrinityfrogmore.co.uk
Hoofprints Technologies Ltd T/A Chettinad Mess,Stirling,Unknown,Worker (A rating),Skilled Worker,hoofprintstechnologiesltdtachettinadmess.co.uk,info@hoofprintstechnologiesltdtachettinadmess.co.uk
Hostbray Limited,Radlett,Unknown,Worker (A rating),Skilled Worker,hostbraylimited.co.uk,info@hostbraylimited.co.uk
House Targaryen Ltd T/A Old Infirmary,Worcester,Unknown,Worker (A rating),Skilled Worker,housetargaryenltdtaoldinfirmary.co.uk,info@housetargaryenltdtaoldinfirmary.co.uk
Ht Trading Ltd,London,Unknown,Worker (A rating),Skilled Worker,httradingltd.co.uk,info@httradingltd.co.uk
Huntly Tandoori Aberdeen Ltd,Huntly,Unknown,Worker (A rating),Skilled Worker,huntlytandooriaberdeenltd.co.uk,info@huntlytandooriaberdeenltd.co.uk
Hynamics Uk Limited,London,Unknown,Worker (A rating),Global Business Mobility: Senior or Specialist Worker,hynamicsuklimited.co.uk,info@hynamicsuklimited.co.uk
Hynamics Uk Limited,London,Unknown,Worker (A rating),Skilled Worker,hynamicsuklimited.co.uk,info@hynamicsuklimited.co.uk
Hypnotique Ltd,London,Unknown,Worker (A rating),Skilled Worker,hypnotiqueltd.co.uk,info@hypnotiqueltd.co.uk
Ibex Plus Partners Limited,DOWNPATRICK,Unknown,Worker (A rating),Skilled Worker,ibexpluspartnerslimited.co.uk,info@ibexpluspartnerslimited.co.uk
Ideal Fitted Bedrooms Ltd,Greenford,Unknown,Worker (A rating),Skilled Worker,idealfittedbedroomsltd.co.uk,info@idealfittedbedroomsltd.co.uk
Ideal Smile Limited,Walsall,Unknown,Worker (A rating),Skilled Worker,idealsmilelimited.co.uk,info@idealsmilelimited.co.uk
Iduna Oma Limited,Manchester,Unknown,Worker (A rating),Skilled Worker,idunaomalimited.co.uk,info@idunaomalimited.co.uk
Ignota Labs Limited,Cambridge,Unknown,Worker (A rating),Skilled Worker,ignotalabslimited.co.uk,info@ignotalabslimited.co.uk
Iloft Conversions Ltd,London,Unknown,Worker (A rating),Skilled Worker,iloftconversionsltd.co.uk,info@iloftconversionsltd.co.uk
Imech Engineering Limited,London,Unknown,Worker (A rating),Skilled Worker,imechengineeringlimited.co.uk,info@imechengineeringlimited.co.uk
Imes Engineering & Contracting Ltd,Stafford,Staffordshire,Worker (A rating),Global Business Mobility: Senior or Specialist Worker,imesengineeringcontractingltd.co.uk,info@imesengineeringcontractingltd.co.uk
Imes Engineering & Contracting Ltd,Stafford,Staffordshire,Worker (A rating),Skilled Worker,imesengineeringcontractingltd.co.uk,info@imesengineeringcontractingltd.co.uk
Imone Bbq Ltd,New Malden,Unknown,Worker (A rating),Skilled Worker,imonebbqltd.co.uk,info@imonebbqltd.co.uk
Imperial Homeware London Limited,Birmingham,West Midlands,Worker (A rating),Skilled Worker,imperialhomewarelondonlimited.co.uk,info@imperialhomewarelondonlimited.co.uk
Indian Pantry (Manchester) Ltd,Manchester,Unknown,Worker (A rating),Skilled Worker,indianpantrymanchesterltd.co.uk,info@indianpantrymanchesterltd.co.uk
Indian Spice Ltd,Congleton,Unknown,Worker (A rating),Skilled Worker,indianspiceltd.co.uk,info@indianspiceltd.co.uk
Ineo Nuclear Uk Ltd,London,Unknown,Worker (A rating),Skilled Worker,ineonuclearukltd.co.uk,info@ineonuclearukltd.co.uk
Inexor Limited,London,Unknown,Worker (A rating),Skilled Worker,inexorlimited.co.uk,info@inexorlimited.co.uk
Infinity Deals Ltd,London,Unknown,Worker (A rating),Skilled Worker,infinitydealsltd.co.uk,info@infinitydealsltd.co.uk
Innovate Cambridge Ltd,Cambridge,Unknown,Worker (A rating),Skilled Worker,innovatecambridgeltd.co.uk,info@innovatecambridgeltd.co.uk
Inspire Neurocare Limited,Worcester,Unknown,Worker (A rating),Skilled Worker,inspireneurocarelimited.co.uk,info@inspireneurocarelimited.co.uk
Integrated De-Icing Services Uk Limited,Luton,Unknown,Worker (A rating),Skilled Worker,integrateddeicingservicesuklimited.co.uk,info@integrateddeicingservicesuklimited.co.uk
Integro Design Engineering Associates Ltd,Glasgow,Unknown,Worker (A rating),Skilled Worker,integrodesignengineeringassociatesltd.co.uk,info@integrodesignengineeringassociatesltd.co.uk
Intellego Education Services Limited,London,Unknown,Worker (A rating),Skilled Worker,intellegoeducationserviceslimited.co.uk,info@intellegoeducationserviceslimited.co.uk
Invinity Energy (Uk) Limited,Bathgate,Unknown,Worker (A rating),Global Business Mobility: Senior or Specialist Worker,invinityenergyuklimited.co.uk,info@invinityenergyuklimited.co.uk
Invinity Energy (Uk) Limited,Bathgate,Unknown,Worker (A rating),Skilled Worker,invinityenergyuklimited.co.uk,info@invinityenergyuklimited.co.uk
Islamic Aid,London,United Kingdom,Worker (A rating),Skilled Worker,islamicaid.co.uk,info@islamicaid.co.uk
Iwk Watford Ltd T/A Heavenly Desserts,Watford,Hertfordshire,Worker (A rating),Skilled Worker,iwkwatfordltdtaheavenlydesserts.co.uk,info@iwkwatfordltdtaheavenlydesserts.co.uk
J & H Hauliers Ltd,Derby,Unknown,Worker (A rating),Skilled Worker,jhhauliersltd.co.uk,info@jhhauliersltd.co.uk
J&D Pierce Contracts Limited,Glengarnock,Ayrshire,Worker (A rating),Skilled Worker,jdpiercecontractslimited.co.uk,info@jdpiercecontractslimited.co.uk
Jamak Fabrication Europe Ltd,Worsley,Greater Manchester,Worker (A rating),Skilled Worker,jamakfabricationeuropeltd.co.uk,info@jamakfabricationeuropeltd.co.uk
Jatco Uk Ltd,Sunderland,Tyne And Wear,Worker (A rating),Global Business Mobility: Senior or Specialist Worker,jatcoukltd.co.uk,info@jatcoukltd.co.uk
Jattan Food Ltd T/A Guru Indian Cuisine,NEWRY,NORTHERN IRELAND,Worker (A rating),Skilled Worker,jattanfoodltdtaguruindiancuisine.co.uk,info@jattanfoodltdtaguruindiancuisine.co.uk
Jevra Pvt Limited,Onich,"Fort William , Scotland",Worker (A rating),Skilled Worker,jevrapvtlimited.co.uk,info@jevrapvtlimited.co.uk
Jhsf Uk Ltd,London,England,Worker (A rating),Skilled Worker,jhsfukltd.co.uk,info@jhsfukltd.co.uk
Jms Infotech Limited,Milton Keynes,Unknown,Worker (A rating),Skilled Worker,jmsinfotechlimited.co.uk,info@jmsinfotechlimited.co.uk
Jsm Management Group Ltd,Cardiff,Unknown,Worker (A rating),Skilled Worker,jsmmanagementgroupltd.co.uk,info@jsmmanagementgroupltd.co.uk
Jt&Z  Construction Company Limited,LONDON,Unknown,Worker (A rating),Skilled Worker,jtzconstructioncompanylimited.co.uk,info@jtzconstructioncompanylimited.co.uk
K Furniture Co Limited,London,Unknown,Worker (A rating),Skilled Worker,kfurniturecolimited.co.uk,info@kfurniturecolimited.co.uk
Kabir Travels Ltd,BIRMINGHAM,Unknown,Worker (A rating),Skilled Worker,kabirtravelsltd.co.uk,info@kabirtravelsltd.co.uk
Kalla Holdings Ltd,London,Unknown,Worker (A rating),Skilled Worker,kallaholdingsltd.co.uk,info@kallaholdingsltd.co.uk
Kambojx Limited,Wolverhampton,Unknown,Worker (A rating),Skilled Worker,kambojxlimited.co.uk,info@kambojxlimited.co.uk
Kaner International Limited,London,Unknown,Worker (A rating),Skilled Worker,kanerinternationallimited.co.uk,info@kanerinternationallimited.co.uk
Kangaroo Local Uk Ltd,Harwich,Unknown,Worker (A rating),Skilled Worker,kangaroolocalukltd.co.uk,info@kangaroolocalukltd.co.uk
Karsons Pharma Limited,Rochester,Unknown,Worker (A rating),Skilled Worker,karsonspharmalimited.co.uk,info@karsonspharmalimited.co.uk
Kavya Store,CHIPPENHAM,Unknown,Worker (A rating),Skilled Worker,kavyastore.co.uk,info@kavyastore.co.uk
Keith Cohen Limited,LONDON,Unknown,Worker (A rating),Skilled Worker,keithcohenlimited.co.uk,info@keithcohenlimited.co.uk
Ken Nguyen Trading As Whitchurch Nails,Cardiff,Unknown,Worker (A rating),Skilled Worker,kennguyentradingaswhitchurchnails.co.uk,info@kennguyentradingaswhitchurchnails.co.uk
Kensington Partnership,Bradford,West Yorkshire,Worker (A rating),Skilled Worker,kensingtonpartnership.co.uk,info@kensingtonpartnership.co.uk
Kenvue Emea Services Limited,High Wycombe,Unknown,Worker (A rating),Global Business Mobility: Senior or Specialist Worker,kenvueemeaserviceslimited.co.uk,info@kenvueemeaserviceslimited.co.uk
Kenvue Emea Services Limited,High Wycombe,Unknown,Worker (A rating),Skilled Worker,kenvueemeaserviceslimited.co.uk,info@kenvueemeaserviceslimited.co.uk
Kenvue Emea Services Limited,High Wycombe,Unknown,Temporary Worker (A rating),Global Business Mobility: Graduate Trainee,kenvueemeaserviceslimited.co.uk,info@kenvueemeaserviceslimited.co.uk
Keystone Interiors Limited,Uxbridge,Unknown,Worker (A rating),Skilled Worker,keystoneinteriorslimited.co.uk,info@keystoneinteriorslimited.co.uk
Khanh Hoang Limited,Langholm,Unknown,Worker (A rating),Skilled Worker,khanhhoanglimited.co.uk,info@khanhhoanglimited.co.uk
Khushi Holding Ltd,Coventry,Unknown,Worker (A rating),Skilled Worker,khushiholdingltd.co.uk,info@khushiholdingltd.co.uk
Ki Powerfuel Pvt Limited,"Carmarthen,",Unknown,Worker (A rating),Skilled Worker,kipowerfuelpvtlimited.co.uk,info@kipowerfuelpvtlimited.co.uk
Killiecrankie Ltd,Pitlochry,Perthshire,Worker (A rating),Skilled Worker,killiecrankieltd.co.uk,info@killiecrankieltd.co.uk
Kingsheath Vision Plus Ltd - Specsavers Opticians Kingsheath,Kingsheath,Birmingham,Worker (A rating),Skilled Worker,kingsheathvisionplusltdspecsaversopticianskingsheath.co.uk,info@kingsheathvisionplusltdspecsaversopticianskingsheath.co.uk
Kintec Recruitment Limited,Salford Quays,Unknown,Worker (A rating),Skilled Worker,kintecrecruitmentlimited.co.uk,info@kintecrecruitmentlimited.co.uk
Kittu Express Ltd,NEWCASTLE UPON TYNE,Unknown,Worker (A rating),Skilled Worker,kittuexpressltd.co.uk,info@kittuexpressltd.co.uk
Kiwi Commerce Ltd,Manchester,Lancashire,Worker (A rating),Skilled Worker,kiwicommerceltd.co.uk,info@kiwicommerceltd.co.uk
Kleemann Lifts Uk Limited,ASHFORD,KENT,Worker (A rating),Skilled Worker,kleemannliftsuklimited.co.uk,info@kleemannliftsuklimited.co.uk
Kls Business Ltd,Powys,Unknown,Worker (A rating),Skilled Worker,klsbusinessltd.co.uk,info@klsbusinessltd.co.uk
Knightsbridge Green,London,Unknown,Worker (A rating),Skilled Worker,knightsbridgegreen.co.uk,info@knightsbridgegreen.co.uk
Knowledge Quarter,London,Unknown,Worker (A rating),Skilled Worker,knowledgequarter.co.uk,info@knowledgequarter.co.uk
Kogweno & Bubi Consultants Ltd,London,Unknown,Worker (UK Expansion Worker: Provisional),Global Business Mobility: UK Expansion Worker,kogwenobubiconsultantsltd.co.uk,info@kogwenobubiconsultantsltd.co.uk
Korus Health Ltd,Truro,Unknown,Worker (A rating),Skilled Worker,korushealthltd.co.uk,info@korushealthltd.co.uk
Kosli Limited,Brentford,Unknown,Worker (A rating),Skilled Worker,koslilimited.co.uk,info@koslilimited.co.uk
Ks Education Associates Limited,LONDON,Unknown,Worker (A rating),Skilled Worker,kseducationassociateslimited.co.uk,info@kseducationassociateslimited.co.uk
Land And Minerals Consulting Ltd,Clevedon,North Somerset,Worker (A rating),Skilled Worker,landandmineralsconsultingltd.co.uk,info@landandmineralsconsultingltd.co.uk
Larkside Practice,Luton,Beds,Worker (A rating),Skilled Worker,larksidepractice.co.uk,info@larksidepractice.co.uk
Laurel International Management Ltd,Welshpool,Wales,Worker (A rating),Skilled Worker,laurelinternationalmanagementltd.co.uk,info@laurelinternationalmanagementltd.co.uk
Laurelle London Ltd,Canvey Island,Essex,Worker (A rating),Skilled Worker,laurellelondonltd.co.uk,info@laurellelondonltd.co.uk
Laviel Clinic,London,Unknown,Worker (A rating),Skilled Worker,lavielclinic.co.uk,info@lavielclinic.co.uk
Layaa Limited,Tiverton,Devon,Worker (A rating),Skilled Worker,layaalimited.co.uk,info@layaalimited.co.uk
Le Paragon,Leigh-on-Sea,uk,Worker (A rating),Skilled Worker,leparagon.co.uk,info@leparagon.co.uk
Learning Corner Nursery,Luton,Unknown,Worker (A rating),Skilled Worker,learningcornernursery.co.uk,info@learningcornernursery.co.uk
Leasehold Services Ltd,London,Unknown,Worker (A rating),Skilled Worker,leaseholdservicesltd.co.uk,info@leaseholdservicesltd.co.uk
Lebran Ltd,Chester,Unknown,Worker (A rating),Skilled Worker,lebranltd.co.uk,info@lebranltd.co.uk
Legacy Uk Holdings Limited,London,Unknown,Worker (A rating),Global Business Mobility: UK Expansion Worker,legacyukholdingslimited.co.uk,info@legacyukholdingslimited.co.uk
Leicester Football Club Plc,LEICESTER,Unknown,Worker (A rating),Skilled Worker,leicesterfootballclubplc.co.uk,info@leicesterfootballclubplc.co.uk
Lennox Gardens Partners Limited,London,Unknown,Worker (A rating),Skilled Worker,lennoxgardenspartnerslimited.co.uk,info@lennoxgardenspartnerslimited.co.uk
Lenwood Capital Ltd.,London,Unknown,Worker (UK Expansion Worker: Provisional),Global Business Mobility: UK Expansion Worker,lenwoodcapitalltd.co.uk,info@lenwoodcapitalltd.co.uk
Lewisham Cosmetics Ltd T/As Shaba Hair & Cosmetics,Lewisham,Unknown,Worker (A rating),Skilled Worker,lewishamcosmeticsltdtasshabahaircosmetics.co.uk,info@lewishamcosmeticsltdtasshabahaircosmetics.co.uk
Lf Law Ltd,London,Unknown,Worker (A rating),Skilled Worker,lflawltd.co.uk,info@lflawltd.co.uk
Liberty Accounting & Training Ltd,London,Unknown,Worker (A rating),Skilled Worker,libertyaccountingtrainingltd.co.uk,info@libertyaccountingtrainingltd.co.uk
Liberty Global Europe Limited,London,Unknown,Worker (A rating),Skilled Worker,libertyglobaleuropelimited.co.uk,info@libertyglobaleuropelimited.co.uk
Liberty Global Europe Limited,London,Unknown,Worker (A rating),Global Business Mobility: Senior or Specialist Worker,libertyglobaleuropelimited.co.uk,info@libertyglobaleuropelimited.co.uk
Limasole Limited,London,Unknown,Worker (A rating),Skilled Worker,limasolelimited.co.uk,info@limasolelimited.co.uk
Limpet Technology Limited,Stirling,Stirlingshire,Worker (A rating),Skilled Worker,limpettechnologylimited.co.uk,info@limpettechnologylimited.co.uk
Linkstar Tech Ltd,Cardiff,Wales,Worker (A rating),Skilled Worker,linkstartechltd.co.uk,info@linkstartechltd.co.uk
Live Electrical Distribution (Uk) Limited,Manchester,England,Worker (A rating),Skilled Worker,liveelectricaldistributionuklimited.co.uk,info@liveelectricaldistributionuklimited.co.uk
Livgreen Futures Limited,Bristol,Bristol,Worker (A rating),Skilled Worker,livgreenfutureslimited.co.uk,info@livgreenfutureslimited.co.uk
Ljp Management Ltd,WORTHING,Unknown,Temporary Worker (A rating),Creative Worker,ljpmanagementltd.co.uk,info@ljpmanagementltd.co.uk
Lloyds Uk Packaging Ltd T/As Afghan Bazaar,EDGWARE,Unknown,Worker (A rating),Skilled Worker,lloydsukpackagingltdtasafghanbazaar.co.uk,info@lloydsukpackagingltdtasafghanbazaar.co.uk
Lma Restaurant Ltd,London,Unknown,Worker (A rating),Skilled Worker,lmarestaurantltd.co.uk,info@lmarestaurantltd.co.uk
Loch Rannoch Estate Limited,Pitlochry,Perthshire,Worker (A rating),Skilled Worker,lochrannochestatelimited.co.uk,info@lochrannochestatelimited.co.uk
Logistic Trade Management Ltd,London,Unknown,Worker (A rating),Skilled Worker,logistictrademanagementltd.co.uk,info@logistictrademanagementltd.co.uk
London Academy For Applied Technology Ltd,London,Unknown,Worker (A rating),Skilled Worker,londonacademyforappliedtechnologyltd.co.uk,info@londonacademyforappliedtechnologyltd.co.uk
London Coffee Shops Ltd,London,Unknown,Worker (A rating),Skilled Worker,londoncoffeeshopsltd.co.uk,info@londoncoffeeshopsltd.co.uk
London Visas & Immigration Services Ltd,Wembley,Middlesex,Worker (A rating),Skilled Worker,londonvisasimmigrationservicesltd.co.uk,info@londonvisasimmigrationservicesltd.co.uk
Lower Ash Convenience Store Ltd,Stoke-On-Trent,Unknown,Worker (A rating),Skilled Worker,lowerashconveniencestoreltd.co.uk,info@lowerashconveniencestoreltd.co.uk
Lqt Technologies Limited,Croydon,Unknown,Worker (A rating),Skilled Worker,lqttechnologieslimited.co.uk,info@lqttechnologieslimited.co.uk
Ls Events Limited,Manchester,Unknown,Worker (A rating),Skilled Worker,lseventslimited.co.uk,info@lseventslimited.co.uk
Lucky Supermarket,LEICESTER,Unknown,Worker (A rating),Skilled Worker,luckysupermarket.co.uk,info@luckysupermarket.co.uk
Luracare Ltd,London,Unknown,Worker (A rating),Skilled Worker,luracareltd.co.uk,info@luracareltd.co.uk
Lzz Foods Ltd,Welling,Unknown,Worker (A rating),Skilled Worker,lzzfoodsltd.co.uk,info@lzzfoodsltd.co.uk
M A Chhokar Ltd,Sutton Coldfield,Unknown,Worker (A rating),Skilled Worker,machhokarltd.co.uk,info@machhokarltd.co.uk
M&A Sakhi Construction Ltd,Hayes,Unknown,Worker (A rating),Skilled Worker,masakhiconstructionltd.co.uk,info@masakhiconstructionltd.co.uk
M&A Tradax Limited,Ashton-Under-Lyne,Unknown,Worker (A rating),Skilled Worker,matradaxlimited.co.uk,info@matradaxlimited.co.uk
M&N Accountants Ltd,London,Unknown,Worker (A rating),Skilled Worker,mnaccountantsltd.co.uk,info@mnaccountantsltd.co.uk
M4 Motors Ltd,Hayes,MIDDLESEX,Worker (A rating),Skilled Worker,m4motorsltd.co.uk,info@m4motorsltd.co.uk
Ma Hayes Ltd T/A Pepes Piri Piri,Hayes,Unknown,Worker (A rating),Skilled Worker,mahayesltdtapepespiripiri.co.uk,info@mahayesltdtapepespiripiri.co.uk
Ma Jewellers Ltd,Southall,Unknown,Worker (A rating),Skilled Worker,majewellersltd.co.uk,info@majewellersltd.co.uk
Maa Selby Ltd,LEEDS,Unknown,Worker (A rating),Skilled Worker,maaselbyltd.co.uk,info@maaselbyltd.co.uk
Magic Software Services Ltd,LONDON,Unknown,Worker (A rating),Global Business Mobility: Senior or Specialist Worker,magicsoftwareservicesltd.co.uk,info@magicsoftwareservicesltd.co.uk
Magic Software Services Ltd,LONDON,Unknown,Worker (A rating),Skilled Worker,magicsoftwareservicesltd.co.uk,info@magicsoftwareservicesltd.co.uk
Magma Design Ltd,London,Unknown,Worker (A rating),Skilled Worker,magmadesignltd.co.uk,info@magmadesignltd.co.uk
Mancroft Healthcare Limited,Wolverhampton,Unknown,Worker (A rating),Skilled Worker,mancrofthealthcarelimited.co.uk,info@mancrofthealthcarelimited.co.uk
Manha'S Kitchen Limited,Kent,Unknown,Worker (A rating),Skilled Worker,manhaskitchenlimited.co.uk,info@manhaskitchenlimited.co.uk
Mantra Thai Limited,Newcastle Upon Tyne,Unknown,Worker (A rating),Skilled Worker,mantrathailimited.co.uk,info@mantrathailimited.co.uk
Marine Procurement Ltd,North Berwick,Unknown,Worker (A rating),Skilled Worker,marineprocurementltd.co.uk,info@marineprocurementltd.co.uk
Markey Tyres Ltd,Portadown,Armagh,Worker (A rating),Skilled Worker,markeytyresltd.co.uk,info@markeytyresltd.co.uk
Marlow Education Trust,Marlow,Buckinghamshire,Worker (A rating),Skilled Worker,marloweducationtrust.co.uk,info@marloweducationtrust.co.uk
Marshwood Farms Ltd,BURNHAM,Unknown,Worker (A rating),Skilled Worker,marshwoodfarmsltd.co.uk,info@marshwoodfarmsltd.co.uk
Mar-Train Heavy Haulage Ltd,Lisburn,Antrim,Worker (A rating),Skilled Worker,martrainheavyhaulageltd.co.uk,info@martrainheavyhaulageltd.co.uk
Mayfair Spirit Limited,London,Unknown,Worker (A rating),Skilled Worker,mayfairspiritlimited.co.uk,info@mayfairspiritlimited.co.uk
Mayhem Marketing Limited,East Kilbride,Unknown,Worker (A rating),Skilled Worker,mayhemmarketinglimited.co.uk,info@mayhemmarketinglimited.co.uk
Mcbitsstech Limited,London,Unknown,Worker (A rating),Skilled Worker,mcbitsstechlimited.co.uk,info@mcbitsstechlimited.co.uk
"Medics-Uk Limited, T/A Premier Private Gp",Bagshot,Unknown,Worker (A rating),Skilled Worker,medicsuklimitedtapremierprivategp.co.uk,info@medicsuklimitedtapremierprivategp.co.uk
Medina Mosque Trust Of Edinburgh,Edinburgh,Unknown,Worker (A rating),Tier 2 Ministers of Religion,medinamosquetrustofedinburgh.co.uk,info@medinamosquetrustofedinburgh.co.uk
Merridale Medical Centre,Leicester,Unknown,Worker (A rating),Skilled Worker,merridalemedicalcentre.co.uk,info@merridalemedicalcentre.co.uk
Merx Solutions Ltd,London,Unknown,Worker (A rating),Skilled Worker,merxsolutionsltd.co.uk,info@merxsolutionsltd.co.uk
Mha Audit Services Llp,Milton Keynes,Buckinghamshire,Worker (A rating),Global Business Mobility: Senior or Specialist Worker,mhaauditservicesllp.co.uk,info@mhaauditservicesllp.co.uk
Mha Audit Services Llp,Milton Keynes,Buckinghamshire,Worker (A rating),Skilled Worker,mhaauditservicesllp.co.uk,info@mhaauditservicesllp.co.uk
Mithus Continental Mart Ltd,Haverhill,Suffolk,Worker (A rating),Skilled Worker,mithuscontinentalmartltd.co.uk,info@mithuscontinentalmartltd.co.uk
Mitsubishi Electric Corporation - Uk Office,London,Unknown,Worker (A rating),Global Business Mobility: Senior or Specialist Worker,mitsubishielectriccorporationukoffice.co.uk,info@mitsubishielectriccorporationukoffice.co.uk
Mjit Ltd,Crawley,West Sussex,Worker (A rating),Skilled Worker,mjitltd.co.uk,info@mjitltd.co.uk
Mmanagement Services Ltd T/A Blooming Blossom,High Wycombe,Unknown,Worker (A rating),Skilled Worker,mmanagementservicesltdtabloomingblossom.co.uk,info@mmanagementservicesltdtabloomingblossom.co.uk
Mna Pharma Limited T/A Acorn Pharmacy,Berkhamstead,Unknown,Worker (A rating),Skilled Worker,mnapharmalimitedtaacornpharmacy.co.uk,info@mnapharmalimitedtaacornpharmacy.co.uk
Mnfst Uk Limited,London,Unknown,Worker (A rating),Skilled Worker,mnfstuklimited.co.uk,info@mnfstuklimited.co.uk
Mns Saharan Ltd,Newport Pagnell,Unknown,Worker (A rating),Skilled Worker,mnssaharanltd.co.uk,info@mnssaharanltd.co.uk
Mobilesentrix Ltd,Coventry,Unknown,Worker (A rating),Skilled Worker,mobilesentrixltd.co.uk,info@mobilesentrixltd.co.uk
Moh Nippon Plc,London,Unknown,Worker (A rating),Skilled Worker,mohnipponplc.co.uk,info@mohnipponplc.co.uk
Mohammed Mushtaq T/A Fas Hair & Cosmetics,LONDON,Unknown,Worker (A rating),Skilled Worker,mohammedmushtaqtafashaircosmetics.co.uk,info@mohammedmushtaqtafashaircosmetics.co.uk
Mohanadas Selvaratnam T/A Hildenborough Service Station,Kent,Unknown,Worker (A rating),Skilled Worker,mohanadasselvaratnamtahildenboroughservicestation.co.uk,info@mohanadasselvaratnamtahildenboroughservicestation.co.uk
Mohthus Ltd,Windsor,Unknown,Worker (A rating),Skilled Worker,mohthusltd.co.uk,info@mohthusltd.co.uk
Monklan Ltd,Peckham,Unknown,Worker (A rating),Skilled Worker,monklanltd.co.uk,info@monklanltd.co.uk
Montrose Food & Wine Limited,Doncaster,Unknown,Worker (A rating),Skilled Worker,montrosefoodwinelimited.co.uk,info@montrosefoodwinelimited.co.uk
Moon Rise 24 Hr Recruitment Ltd,Stockton,Unknown,Worker (A rating),Skilled Worker,moonrise24hrrecruitmentltd.co.uk,info@moonrise24hrrecruitmentltd.co.uk
Moor Park Capital Partners Llp,London,Unknown,Worker (A rating),Skilled Worker,moorparkcapitalpartnersllp.co.uk,info@moorparkcapitalpartnersllp.co.uk
Morrow Contracts Ltd,Belfast,Down,Worker (A rating),Skilled Worker,morrowcontractsltd.co.uk,info@morrowcontractsltd.co.uk
Motivforce Ltd,Cobham,Unknown,Worker (A rating),Skilled Worker,motivforceltd.co.uk,info@motivforceltd.co.uk
Moxie Pictures Llp,London,Unknown,Temporary Worker (A rating),Creative Worker,moxiepicturesllp.co.uk,info@moxiepicturesllp.co.uk
Moxie Pictures Llp,London,Unknown,Worker (A rating),Skilled Worker,moxiepicturesllp.co.uk,info@moxiepicturesllp.co.uk
Mr Richard Timothy Giles T/A Sir Isaac Newton Pub,Cambridgeshire,Unknown,Worker (A rating),Skilled Worker,mrrichardtimothygilestasirisaacnewtonpub.co.uk,info@mrrichardtimothygilestasirisaacnewtonpub.co.uk
Mr Sivagnanam Sivaruban T/A Saiyuri Traders,Grays,Essex,Worker (A rating),Skilled Worker,mrsivagnanamsivarubantasaiyuritraders.co.uk,info@mrsivagnanamsivarubantasaiyuritraders.co.uk
Mrs Prashanthy Shathyakaran T/A Manor News,"Bexhill,",East Sussex,Worker (A rating),Skilled Worker,mrsprashanthyshathyakarantamanornews.co.uk,info@mrsprashanthyshathyakarantamanornews.co.uk
Msp Wolves Ltd T/A Mr Singh'S Pizza,Wolverhampton,West Midlands,Worker (A rating),Skilled Worker,mspwolvesltdtamrsinghspizza.co.uk,info@mspwolvesltdtamrsinghspizza.co.uk
Mti Welding Technologies Limited,Dudley,West Midlands,Worker (A rating),Skilled Worker,mtiweldingtechnologieslimited.co.uk,info@mtiweldingtechnologieslimited.co.uk
Multiqo Solution Ltd,London,Unknown,Worker (A rating),Skilled Worker,multiqosolutionltd.co.uk,info@multiqosolutionltd.co.uk
My Bassingham Limited Trading As Bassingham Care Centre,Lincoln,Unknown,Worker (A rating),Skilled Worker,mybassinghamlimitedtradingasbassinghamcarecentre.co.uk,info@mybassinghamlimitedtradingasbassinghamcarecentre.co.uk
My Digital Hero Consulting Ltd,Harrogate,Unknown,Worker (A rating),Skilled Worker,mydigitalheroconsultingltd.co.uk,info@mydigitalheroconsultingltd.co.uk
Myfm Ltd,London,London,Worker (A rating),Skilled Worker,myfmltd.co.uk,info@myfmltd.co.uk
N A Motors Limited,London,Unknown,Worker (A rating),Skilled Worker,namotorslimited.co.uk,info@namotorslimited.co.uk
N Islam Legal Ltd,LONDON,Unknown,Worker (A rating),Skilled Worker,nislamlegalltd.co.uk,info@nislamlegalltd.co.uk
Nab Services (Uk) Ltd,Peterborough,Unknown,Worker (A rating),Skilled Worker,nabservicesukltd.co.uk,info@nabservicesukltd.co.uk
Nagashima Ohno & Tsunematsu Uk Limited,London,Unknown,Worker (UK Expansion Worker: Provisional),Global Business Mobility: UK Expansion Worker,nagashimaohnotsunematsuuklimited.co.uk,info@nagashimaohnotsunematsuuklimited.co.uk
Nathaniel Car Sales Limited,Bridgend,Unknown,Worker (A rating),Skilled Worker,nathanielcarsaleslimited.co.uk,info@nathanielcarsaleslimited.co.uk
Navya School Of Dance Ltd T/A Navya School Of Dance,Middx,Unknown,Worker (A rating),Skilled Worker,navyaschoolofdanceltdtanavyaschoolofdance.co.uk,info@navyaschoolofdanceltdtanavyaschoolofdance.co.uk
Neobuild Innovations Limited,Peterborough,Unknown,Worker (A rating),Skilled Worker,neobuildinnovationslimited.co.uk,info@neobuildinnovationslimited.co.uk
Nes Fircroft Technical Services Limited,Altrincham,Cheshire,Worker (A rating),Skilled Worker,nesfircrofttechnicalserviceslimited.co.uk,info@nesfircrofttechnicalserviceslimited.co.uk
Nesika Retails Limited,Northumberland,Unknown,Worker (A rating),Skilled Worker,nesikaretailslimited.co.uk,info@nesikaretailslimited.co.uk
Netrep Limited,Woking,Unknown,Worker (A rating),Skilled Worker,netreplimited.co.uk,info@netreplimited.co.uk
New Era (Ne) Ltd,Newcastle upon Tyne,Unknown,Worker (A rating),Skilled Worker,neweraneltd.co.uk,info@neweraneltd.co.uk
New Masterchef Luton Ltd T/A New Master Chef,Luton,Bedfordshire,Worker (A rating),Skilled Worker,newmastercheflutonltdtanewmasterchef.co.uk,info@newmastercheflutonltdtanewmasterchef.co.uk
New Town Dental Care,Edinburgh,Unknown,Worker (A rating),Skilled Worker,newtowndentalcare.co.uk,info@newtowndentalcare.co.uk
Newcold Ltd,Wakefield,Unknown,Worker (A rating),Global Business Mobility: Senior or Specialist Worker,newcoldltd.co.uk,info@newcoldltd.co.uk
Newcold Ltd,Wakefield,Unknown,Worker (A rating),Skilled Worker,newcoldltd.co.uk,info@newcoldltd.co.uk
Newport Primary School,Saffron Walden,Essex,Worker (A rating),Skilled Worker,newportprimaryschool.co.uk,info@newportprimaryschool.co.uk
Newson Partners Limited,London,Unknown,Worker (A rating),Skilled Worker,newsonpartnerslimited.co.uk,info@newsonpartnerslimited.co.uk
Nexus360 Innovations Ltd,London,Unknown,Worker (A rating),Skilled Worker,nexus360innovationsltd.co.uk,info@nexus360innovationsltd.co.uk
Ngoclinh Limited,Reading,Unknown,Worker (A rating),Skilled Worker,ngoclinhlimited.co.uk,info@ngoclinhlimited.co.uk
Niblow Ltd,Chingford,Unknown,Worker (A rating),Skilled Worker,niblowltd.co.uk,info@niblowltd.co.uk
Niche Online Sales Group Ltd,Bridgwater,Unknown,Worker (A rating),Skilled Worker,nicheonlinesalesgroupltd.co.uk,info@nicheonlinesalesgroupltd.co.uk
Northumberland Events Limited,London,ENGLAND,Worker (A rating),Skilled Worker,northumberlandeventslimited.co.uk,info@northumberlandeventslimited.co.uk
Novo Dental Limited,London,Unknown,Worker (A rating),Skilled Worker,novodentallimited.co.uk,info@novodentallimited.co.uk
Nsrm Limited,Newcastle Upon Tyne,Unknown,Worker (A rating),Skilled Worker,nsrmlimited.co.uk,info@nsrmlimited.co.uk
Ntj Design And Build Limited,Harpenden,Hertfordshire,Worker (A rating),Skilled Worker,ntjdesignandbuildlimited.co.uk,info@ntjdesignandbuildlimited.co.uk
Ntk Events Limited,London,Unknown,Worker (A rating),Skilled Worker,ntkeventslimited.co.uk,info@ntkeventslimited.co.uk
Numi Scan (Brentwood) Ltd T/A Numi Scan,Brentwood,Unknown,Worker (A rating),Skilled Worker,numiscanbrentwoodltdtanumiscan.co.uk,info@numiscanbrentwoodltdtanumiscan.co.uk
Nwan Tech Ltd,Havant,England,Worker (A rating),Skilled Worker,nwantechltd.co.uk,info@nwantechltd.co.uk
Oakfield Psychological Services Limited,Altrincham,Unknown,Worker (A rating),Skilled Worker,oakfieldpsychologicalserviceslimited.co.uk,info@oakfieldpsychologicalserviceslimited.co.uk
Oakland Central Limited,Chigwell,Essex,Worker (A rating),Skilled Worker,oaklandcentrallimited.co.uk,info@oaklandcentrallimited.co.uk
Octus Intelligence Limited,London,Unknown,Worker (A rating),Skilled Worker,octusintelligencelimited.co.uk,info@octusintelligencelimited.co.uk
Octus Intelligence Limited,London,Unknown,Worker (A rating),Global Business Mobility: Senior or Specialist Worker,octusintelligencelimited.co.uk,info@octusintelligencelimited.co.uk
Octus Intelligence Limited,London,Unknown,Temporary Worker (A rating),Global Business Mobility: Graduate Trainee,octusintelligencelimited.co.uk,info@octusintelligencelimited.co.uk
Oem - Automatic Limited,Whetstone,Leicester,Worker (A rating),Skilled Worker,oemautomaticlimited.co.uk,info@oemautomaticlimited.co.uk
Old Fletton Surgery,Peterborough,Cambridgeshire,Worker (A rating),Skilled Worker,oldflettonsurgery.co.uk,info@oldflettonsurgery.co.uk
One Aldwych Hotel,London,Unknown,Worker (A rating),Skilled Worker,onealdwychhotel.co.uk,info@onealdwychhotel.co.uk
Optimus Eight Ltd T/A Smatcha,London,Unknown,Worker (A rating),Skilled Worker,optimuseightltdtasmatcha.co.uk,info@optimuseightltdtasmatcha.co.uk
Orcp Gp (Uk) Limited,London,Unknown,Worker (A rating),Skilled Worker,orcpgpuklimited.co.uk,info@orcpgpuklimited.co.uk
Order Of Friars Minor Cio,Woodford Green,Unknown,Worker (A rating),Tier 2 Ministers of Religion,orderoffriarsminorcio.co.uk,info@orderoffriarsminorcio.co.uk
Order Of Friars Minor Cio,Woodford Green,Unknown,Temporary Worker (A rating),Religious Worker,orderoffriarsminorcio.co.uk,info@orderoffriarsminorcio.co.uk
Orlen Lng Trading Limited,London,Unknown,Worker (A rating),Global Business Mobility: Senior or Specialist Worker,orlenlngtradinglimited.co.uk,info@orlenlngtradinglimited.co.uk
Ors Consulting (Uk) Limited,Aberdeen,Aberdeen City,Worker (A rating),Skilled Worker,orsconsultinguklimited.co.uk,info@orsconsultinguklimited.co.uk
Padmavati Transporters Limited,Slough,Unknown,Worker (A rating),Skilled Worker,padmavatitransporterslimited.co.uk,info@padmavatitransporterslimited.co.uk
Palm2Palm Ltd,Westcliff-On-Sea,Unknown,Worker (A rating),Skilled Worker,palm2palmltd.co.uk,info@palm2palmltd.co.uk
Panahi Retail Ltd,London,Unknown,Worker (A rating),Skilled Worker,panahiretailltd.co.uk,info@panahiretailltd.co.uk
Pandox Leeds City Centre Limited,London,Unknown,Worker (A rating),Skilled Worker,pandoxleedscitycentrelimited.co.uk,info@pandoxleedscitycentrelimited.co.uk
Panesar Foods Limited,Tipton,West Midlands,Worker (A rating),Global Business Mobility: Senior or Specialist Worker,panesarfoodslimited.co.uk,info@panesarfoodslimited.co.uk
Papa Maf'S Pizza & Grill Ltd,Middlesbrough,Cleveland,Worker (A rating),Skilled Worker,papamafspizzagrillltd.co.uk,info@papamafspizzagrillltd.co.uk
Parvalux Electric Motors Limited,Poole,Dorset,Worker (A rating),Skilled Worker,parvaluxelectricmotorslimited.co.uk,info@parvaluxelectricmotorslimited.co.uk
Pasha Traders Ltd,Middlesbrough,Unknown,Worker (A rating),Skilled Worker,pashatradersltd.co.uk,info@pashatradersltd.co.uk
Patel & Patel Ventures Limited,North Harrow,London,Worker (A rating),Skilled Worker,patelpatelventureslimited.co.uk,info@patelpatelventureslimited.co.uk
Pathan Transport Ltd,Sheffield,Unknown,Worker (A rating),Skilled Worker,pathantransportltd.co.uk,info@pathantransportltd.co.uk
Paul Nicholls Racing Ltd,Somerset,Unknown,Worker (A rating),Skilled Worker,paulnichollsracingltd.co.uk,info@paulnichollsracingltd.co.uk
Pb11 Transport Ltd,Reading,Unknown,Worker (A rating),Skilled Worker,pb11transportltd.co.uk,info@pb11transportltd.co.uk
Pdc Cleaning Services Limited,Aberdeen,Scotland,Worker (A rating),Skilled Worker,pdccleaningserviceslimited.co.uk,info@pdccleaningserviceslimited.co.uk
Pembroke Communications Ltd (Trading As Pembroke And Rye),London,Unknown,Worker (A rating),Skilled Worker,pembrokecommunicationsltdtradingaspembrokeandrye.co.uk,info@pembrokecommunicationsltdtradingaspembrokeandrye.co.uk
Pennygate Medical Centre,Wigan,Greater Manchester,Worker (A rating),Skilled Worker,pennygatemedicalcentre.co.uk,info@pennygatemedicalcentre.co.uk
Petrogas North Sea Limited,Aberdeen,Unknown,Worker (A rating),Global Business Mobility: Senior or Specialist Worker,petrogasnorthsealimited.co.uk,info@petrogasnorthsealimited.co.uk
Petrogas North Sea Limited,Aberdeen,Unknown,Worker (A rating),Skilled Worker,petrogasnorthsealimited.co.uk,info@petrogasnorthsealimited.co.uk
Phoenix Community Housing Association (Bellingham And Downham) Limited,London,Unknown,Worker (A rating),Skilled Worker,phoenixcommunityhousingassociationbellinghamanddownhamlimited.co.uk,info@phoenixcommunityhousingassociationbellinghamanddownhamlimited.co.uk
Phoenix Properties Edinburgh Ltd,Edinburgh,Unknown,Worker (A rating),Skilled Worker,phoenixpropertiesedinburghltd.co.uk,info@phoenixpropertiesedinburghltd.co.uk
Pipedin Ltd,Hemel Hempstead,Hertfordshire,Worker (A rating),Skilled Worker,pipedinltd.co.uk,info@pipedinltd.co.uk
Pk2 Construction Limited,Coventry,Unknown,Worker (A rating),Skilled Worker,pk2constructionlimited.co.uk,info@pk2constructionlimited.co.uk
Portman Square Capital,London,Unknown,Worker (A rating),Skilled Worker,portmansquarecapital.co.uk,info@portmansquarecapital.co.uk
Positive Behaviour Support For Learning Cio,Harrow,Unknown,Worker (A rating),Skilled Worker,positivebehavioursupportforlearningcio.co.uk,info@positivebehavioursupportforlearningcio.co.uk
Potential Restaurant Ltd,London,Unknown,Worker (A rating),Skilled Worker,potentialrestaurantltd.co.uk,info@potentialrestaurantltd.co.uk
Potty Pancakes Ltd,Potters Bar,Unknown,Worker (A rating),Skilled Worker,pottypancakesltd.co.uk,info@pottypancakesltd.co.uk
Premier London Property Group Ltd,Folkestone,Unknown,Worker (A rating),Skilled Worker,premierlondonpropertygroupltd.co.uk,info@premierlondonpropertygroupltd.co.uk
Preos Talent Limited,London,Unknown,Worker (A rating),Skilled Worker,preostalentlimited.co.uk,info@preostalentlimited.co.uk
Prima Tooling Limited,Brentwood,Essex,Worker (A rating),Skilled Worker,primatoolinglimited.co.uk,info@primatoolinglimited.co.uk
Prime Labs Ltd T/A Prime Labs,Watford,Unknown,Worker (A rating),Skilled Worker,primelabsltdtaprimelabs.co.uk,info@primelabsltdtaprimelabs.co.uk
Primex Plastics Limited,Newton Aycliffe,Unknown,Worker (A rating),Global Business Mobility: Senior or Specialist Worker,primexplasticslimited.co.uk,info@primexplasticslimited.co.uk
Primrose Hill Surgery,London,Unknown,Worker (A rating),Skilled Worker,primrosehillsurgery.co.uk,info@primrosehillsurgery.co.uk
Priory House Home Care Ltd,Prestatyn,Denbighshire,Worker (A rating),Skilled Worker,prioryhousehomecareltd.co.uk,info@prioryhousehomecareltd.co.uk
Property People Investments Limited,Northwood,Unknown,Worker (A rating),Skilled Worker,propertypeopleinvestmentslimited.co.uk,info@propertypeopleinvestmentslimited.co.uk
Protect The Wild Ltd,London,Unknown,Worker (A rating),Skilled Worker,protectthewildltd.co.uk,info@protectthewildltd.co.uk
Prr Service Ltd T/A Esso,St Michaels,Tenterden,Worker (A rating),Skilled Worker,prrserviceltdtaesso.co.uk,info@prrserviceltdtaesso.co.uk
Pss Tech Services Ltd,Basildon,Essex,Worker (A rating),Skilled Worker,psstechservicesltd.co.uk,info@psstechservicesltd.co.uk
Puccino Slough Ltd,Slough,Berkshire,Worker (A rating),Skilled Worker,puccinosloughltd.co.uk,info@puccinosloughltd.co.uk
Pulp-Tec Limited,Glasgow,Unknown,Worker (A rating),Skilled Worker,pulpteclimited.co.uk,info@pulpteclimited.co.uk
Qe Development Holdco Ltd,London,London,Worker (A rating),Skilled Worker,qedevelopmentholdcoltd.co.uk,info@qedevelopmentholdcoltd.co.uk
Quadrant Heating & Electrics Limited,High Wycombe,Unknown,Worker (A rating),Skilled Worker,quadrantheatingelectricslimited.co.uk,info@quadrantheatingelectricslimited.co.uk
Queens Park Community School Academy Trust,London,Unknown,Worker (A rating),Skilled Worker,queensparkcommunityschoolacademytrust.co.uk,info@queensparkcommunityschoolacademytrust.co.uk
R&J Assets Ltd,Walsall,Unknown,Worker (A rating),Skilled Worker,rjassetsltd.co.uk,info@rjassetsltd.co.uk
Ra Breakdown Recovery Ltd,Manchester,Unknown,Worker (A rating),Skilled Worker,rabreakdownrecoveryltd.co.uk,info@rabreakdownrecoveryltd.co.uk
Ramark Systems Limited,Brentford,Middlesex,Worker (A rating),Skilled Worker,ramarksystemslimited.co.uk,info@ramarksystemslimited.co.uk
Ranks Enterprises Limited,Middlesex,Unknown,Worker (A rating),Skilled Worker,ranksenterpriseslimited.co.uk,info@ranksenterpriseslimited.co.uk
Re Recruitment (A Trading Division Of Taskmaster Resources Limited),Cheltenham,Gloucestershire,Temporary Worker (A rating),Seasonal Worker,rerecruitmentatradingdivisionoftaskmasterresourceslimited.co.uk,info@rerecruitmentatradingdivisionoftaskmasterresourceslimited.co.uk
Rectory Care Limited,Wolverhampton,West Midlands,Worker (A rating),Skilled Worker,rectorycarelimited.co.uk,info@rectorycarelimited.co.uk
Red Miracle T/A Dominos,Shrewsbury,Unknown,Worker (A rating),Skilled Worker,redmiracletadominos.co.uk,info@redmiracletadominos.co.uk
Red Rock Renewables Limited,Edinburgh,Unknown,Worker (A rating),Global Business Mobility: Senior or Specialist Worker,redrockrenewableslimited.co.uk,info@redrockrenewableslimited.co.uk
Red Rock Renewables Limited,Edinburgh,Unknown,Worker (A rating),Skilled Worker,redrockrenewableslimited.co.uk,info@redrockrenewableslimited.co.uk
Res Design Services Ltd,London,Unknown,Worker (A rating),Skilled Worker,resdesignservicesltd.co.uk,info@resdesignservicesltd.co.uk
Rfm Investments Uk Limited,London,Unknown,Worker (A rating),Global Business Mobility: Senior or Specialist Worker,rfminvestmentsuklimited.co.uk,info@rfminvestmentsuklimited.co.uk
Rfm Investments Uk Limited,London,Unknown,Worker (A rating),Skilled Worker,rfminvestmentsuklimited.co.uk,info@rfminvestmentsuklimited.co.uk
Riverside Stores Limited,London,England,Worker (A rating),Skilled Worker,riversidestoreslimited.co.uk,info@riversidestoreslimited.co.uk
Rizzoli International Publications Uk Limited,London,Unknown,Worker (A rating),Skilled Worker,rizzoliinternationalpublicationsuklimited.co.uk,info@rizzoliinternationalpublicationsuklimited.co.uk
Rkm Stores Limited,Swindon,Unknown,Worker (A rating),Skilled Worker,rkmstoreslimited.co.uk,info@rkmstoreslimited.co.uk
Robbies Fish Bar T/A D & D (Bath) Ltd,Bath,Unknown,Worker (A rating),Skilled Worker,robbiesfishbartaddbathltd.co.uk,info@robbiesfishbartaddbathltd.co.uk
Robinvalley Limited,Liverpool,Unknown,Worker (A rating),Skilled Worker,robinvalleylimited.co.uk,info@robinvalleylimited.co.uk
Rojs Media Uk Ltd,Aberdeen,Unknown,Worker (A rating),Skilled Worker,rojsmediaukltd.co.uk,info@rojsmediaukltd.co.uk
Romana Haulage Ltd,HAYES,Unknown,Worker (A rating),Skilled Worker,romanahaulageltd.co.uk,info@romanahaulageltd.co.uk
Rubic Secure Ltd,Edinburgh,Unknown,Worker (A rating),Skilled Worker,rubicsecureltd.co.uk,info@rubicsecureltd.co.uk
Runwood Homes Ltd,Hadleigh,Essex,Worker (A rating),Skilled Worker,runwoodhomesltd.co.uk,info@runwoodhomesltd.co.uk
S & B Stores Ltd,Reading,Unknown,Worker (A rating),Skilled Worker,sbstoresltd.co.uk,info@sbstoresltd.co.uk
S And K Pvt Ltd,LOUGHTON,ESSEX,Worker (A rating),Skilled Worker,sandkpvtltd.co.uk,info@sandkpvtltd.co.uk
S.A Private Limited,Prestatyn,Unknown,Worker (A rating),Skilled Worker,saprivatelimited.co.uk,info@saprivatelimited.co.uk
S3A Group Ltd,Hayes,Unknown,Worker (A rating),Skilled Worker,s3agroupltd.co.uk,info@s3agroupltd.co.uk
Safaa Enterprise Ltd T/A Day-Today,Bellshill,Unknown,Worker (A rating),Skilled Worker,safaaenterpriseltdtadaytoday.co.uk,info@safaaenterpriseltdtadaytoday.co.uk
Safety Concern London Ltd,lONDON,Unknown,Worker (A rating),Skilled Worker,safetyconcernlondonltd.co.uk,info@safetyconcernlondonltd.co.uk
Sandhu A1 Construction Ltd,Belvedere,Unknown,Worker (A rating),Skilled Worker,sandhua1constructionltd.co.uk,info@sandhua1constructionltd.co.uk
Sanvi Carpets Limited,Kingston Upon Thames,Unknown,Worker (A rating),Skilled Worker,sanvicarpetslimited.co.uk,info@sanvicarpetslimited.co.uk
Sarva Foam Uk Limited,Burton,Unknown,Worker (A rating),Skilled Worker,sarvafoamuklimited.co.uk,info@sarvafoamuklimited.co.uk
Satair Uk Limited,Feltham,Middlesex,Worker (A rating),Global Business Mobility: Senior or Specialist Worker,satairuklimited.co.uk,info@satairuklimited.co.uk
Satair Uk Limited,Feltham,Middlesex,Worker (A rating),Skilled Worker,satairuklimited.co.uk,info@satairuklimited.co.uk
Scene Cuisine Ltd,Blaenau Ffestiniog,Unknown,Worker (A rating),Skilled Worker,scenecuisineltd.co.uk,info@scenecuisineltd.co.uk
Schumann International Services Limited,London,Unknown,Worker (A rating),Skilled Worker,schumanninternationalserviceslimited.co.uk,info@schumanninternationalserviceslimited.co.uk
Sealand Projects Limited,Aberdeen,Unknown,Worker (A rating),Global Business Mobility: Senior or Specialist Worker,sealandprojectslimited.co.uk,info@sealandprojectslimited.co.uk
Second Act Ltd T/A Syani And T/A Jashns,London,Unknown,Worker (A rating),Skilled Worker,secondactltdtasyaniandtajashns.co.uk,info@secondactltdtasyaniandtajashns.co.uk
Sehv Services Ltd,St. Leonards-on-Sea,Unknown,Worker (A rating),Skilled Worker,sehvservicesltd.co.uk,info@sehvservicesltd.co.uk
Sense X Ltd,London,Unknown,Worker (A rating),Skilled Worker,sensexltd.co.uk,info@sensexltd.co.uk
Shanmuga Peryisamy Trading As Colwyn Bay Convenience Store,"Colwyn Bay,",Unknown,Worker (A rating),Skilled Worker,shanmugaperyisamytradingascolwynbayconveniencestore.co.uk,info@shanmugaperyisamytradingascolwynbayconveniencestore.co.uk
Shared Approach Limited,Preston,Lancashire,Worker (A rating),Skilled Worker,sharedapproachlimited.co.uk,info@sharedapproachlimited.co.uk
Sheen Engineering Consultants Ltd,Essex,Unknown,Worker (A rating),Skilled Worker,sheenengineeringconsultantsltd.co.uk,info@sheenengineeringconsultantsltd.co.uk
Shinn Thon Uk Ltd,Darwen,Lancashire,Worker (A rating),Skilled Worker,shinnthonukltd.co.uk,info@shinnthonukltd.co.uk
Shri Balaji Damodar Retail Ltd,Coventry,West Midlands,Worker (A rating),Skilled Worker,shribalajidamodarretailltd.co.uk,info@shribalajidamodarretailltd.co.uk
Shuraa Education And Consultancy Limited,Wembley,Unknown,Worker (A rating),Skilled Worker,shuraaeducationandconsultancylimited.co.uk,info@shuraaeducationandconsultancylimited.co.uk
Sichuan Popo Limited,London,Unknown,Worker (A rating),Skilled Worker,sichuanpopolimited.co.uk,info@sichuanpopolimited.co.uk
Sk Fish Bar Ltd T/A Emilia'S Fish Bar,Swansea,Wales,Worker (A rating),Skilled Worker,skfishbarltdtaemiliasfishbar.co.uk,info@skfishbarltdtaemiliasfishbar.co.uk
Sloane And Cadogan Land Management Limited,London,Unknown,Worker (A rating),Skilled Worker,sloaneandcadoganlandmanagementlimited.co.uk,info@sloaneandcadoganlandmanagementlimited.co.uk
Sm Global Solutions Ltd,Woodford Green,Woodford Green,Worker (A rating),Skilled Worker,smglobalsolutionsltd.co.uk,info@smglobalsolutionsltd.co.uk
Smile Care Centre,Chesterfield,Derbyshire,Worker (A rating),Skilled Worker,smilecarecentre.co.uk,info@smilecarecentre.co.uk
Smile Care York Limited,Slough,Unknown,Worker (A rating),Skilled Worker,smilecareyorklimited.co.uk,info@smilecareyorklimited.co.uk
Smile Europe Limited,Birmingham,Unknown,Worker (A rating),Skilled Worker,smileeuropelimited.co.uk,info@smileeuropelimited.co.uk
Smile Link Dental Limited,Ellesmere Port,Cheshire,Worker (A rating),Skilled Worker,smilelinkdentallimited.co.uk,info@smilelinkdentallimited.co.uk
Softline Solutions Ltd.,London,Greater London,Worker (A rating),Skilled Worker,softlinesolutionsltd.co.uk,info@softlinesolutionsltd.co.uk
Sogim Limited,Bromley,Unknown,Worker (A rating),Skilled Worker,sogimlimited.co.uk,info@sogimlimited.co.uk
Somewhere Restaurant Limited T/A Parker'S,London,Unknown,Worker (A rating),Global Business Mobility: Senior or Specialist Worker,somewhererestaurantlimitedtaparkers.co.uk,info@somewhererestaurantlimitedtaparkers.co.uk
Somewhere Restaurant Limited T/A Parker'S,London,Unknown,Worker (A rating),Skilled Worker,somewhererestaurantlimitedtaparkers.co.uk,info@somewhererestaurantlimitedtaparkers.co.uk
Sophrena Limited,London,London,Worker (A rating),Skilled Worker,sophrenalimited.co.uk,info@sophrenalimited.co.uk
South Derbyshire District Council,Swadlincote,Choose County,Worker (A rating),Skilled Worker,southderbyshiredistrictcouncil.co.uk,info@southderbyshiredistrictcouncil.co.uk
South West Regional Assessment Centre Ltd (Swrac),Wimborne,Dorset,Worker (A rating),Skilled Worker,southwestregionalassessmentcentreltdswrac.co.uk,info@southwestregionalassessmentcentreltdswrac.co.uk
Southshore Global Management Ltd,London,Unknown,Worker (A rating),Skilled Worker,southshoreglobalmanagementltd.co.uk,info@southshoreglobalmanagementltd.co.uk
Southville Stores,MIDDLESEX,Unknown,Worker (A rating),Skilled Worker,southvillestores.co.uk,info@southvillestores.co.uk
Sp Food Mart Limited,EPPING,Unknown,Worker (A rating),Skilled Worker,spfoodmartlimited.co.uk,info@spfoodmartlimited.co.uk
Sp Warren Street Ltd,London,Unknown,Worker (A rating),Skilled Worker,spwarrenstreetltd.co.uk,info@spwarrenstreetltd.co.uk
Spa Health Group Ltd,Kingshurst,West Midlands,Worker (A rating),Skilled Worker,spahealthgroupltd.co.uk,info@spahealthgroupltd.co.uk
Space Ape Limited,London,Unknown,Worker (A rating),Skilled Worker,spaceapelimited.co.uk,info@spaceapelimited.co.uk
Spectrum Wind Services Ltd,Nottingham,Unknown,Worker (A rating),Skilled Worker,spectrumwindservicesltd.co.uk,info@spectrumwindservicesltd.co.uk
Spice N Grill Limited,Southsea,Unknown,Worker (A rating),Skilled Worker,spicengrilllimited.co.uk,info@spicengrilllimited.co.uk
Spicehut Deal Limited T/A Dine India,"Deal, Kent",Unknown,Worker (A rating),Skilled Worker,spicehutdeallimitedtadineindia.co.uk,info@spicehutdeallimitedtadineindia.co.uk
Splatter Art Studio Ltd,Glasgow,Unknown,Worker (A rating),Skilled Worker,splatterartstudioltd.co.uk,info@splatterartstudioltd.co.uk
Squaremd Ltd,London,Unknown,Worker (A rating),Skilled Worker,squaremdltd.co.uk,info@squaremdltd.co.uk
Sri Valli Retail Ltd,Tamworth,Unknown,Worker (A rating),Skilled Worker,srivalliretailltd.co.uk,info@srivalliretailltd.co.uk
Ssj Bullion Limited,Bristol,Unknown,Worker (A rating),Skilled Worker,ssjbullionlimited.co.uk,info@ssjbullionlimited.co.uk
St Luke'S School,St Albans,Unknown,Worker (A rating),Skilled Worker,stlukesschool.co.uk,info@stlukesschool.co.uk
St Margarets Nursery Limited,Edinburgh,Scotland,Worker (A rating),Skilled Worker,stmargaretsnurserylimited.co.uk,info@stmargaretsnurserylimited.co.uk
State Bank Of India (Uk) Limited,London,Unknown,Worker (A rating),Global Business Mobility: Senior or Specialist Worker,statebankofindiauklimited.co.uk,info@statebankofindiauklimited.co.uk
Sternlight Capital Partners Llp,London,England,Worker (A rating),Skilled Worker,sternlightcapitalpartnersllp.co.uk,info@sternlightcapitalpartnersllp.co.uk
Stoke Supermarket Ltd,"SLOUGH, BERKSHIRE",Unknown,Worker (A rating),Skilled Worker,stokesupermarketltd.co.uk,info@stokesupermarketltd.co.uk
Strange Thoughts Group Ltd.,Bristol,Unknown,Worker (A rating),Skilled Worker,strangethoughtsgroupltd.co.uk,info@strangethoughtsgroupltd.co.uk
Strood Mini Mart,ROCHESTER,KENT,Worker (A rating),Skilled Worker,stroodminimart.co.uk,info@stroodminimart.co.uk
Sts Motors Ltd,Cradley Heath,West Midlands,Worker (A rating),Skilled Worker,stsmotorsltd.co.uk,info@stsmotorsltd.co.uk
Sukawatee (Hitchin) Limited,Hitchin,Herts,Worker (A rating),Skilled Worker,sukawateehitchinlimited.co.uk,info@sukawateehitchinlimited.co.uk
Supadu Limited,London,Unknown,Worker (A rating),Skilled Worker,supadulimited.co.uk,info@supadulimited.co.uk
Swayam Ltd,London,Unknown,Worker (A rating),Skilled Worker,swayamltd.co.uk,info@swayamltd.co.uk
Swifttech It Solutions Ltd,Manchester,Cheshire,Worker (A rating),Skilled Worker,swifttechitsolutionsltd.co.uk,info@swifttechitsolutionsltd.co.uk
Syntegral Ltd,Birmingham,Unknown,Worker (A rating),Skilled Worker,syntegralltd.co.uk,info@syntegralltd.co.uk
Systems Technology Consultants Limited,Stoke-on-Trent,Staffordshire,Worker (A rating),Skilled Worker,systemstechnologyconsultantslimited.co.uk,info@systemstechnologyconsultantslimited.co.uk
T & L Retail Ltd,Wembley,Unknown,Worker (A rating),Skilled Worker,tlretailltd.co.uk,info@tlretailltd.co.uk
T N Beeston & Son,Market Drayton,Shropshire,Worker (A rating),Skilled Worker,tnbeestonson.co.uk,info@tnbeestonson.co.uk
T&Tabu Limited T/A Upminster Fruit & Veg,Upminster,Unknown,Worker (A rating),Skilled Worker,ttabulimitedtaupminsterfruitveg.co.uk,info@ttabulimitedtaupminsterfruitveg.co.uk
Tahir Mahmood T/A City Booze,Dundee,Unknown,Worker (A rating),Skilled Worker,tahirmahmoodtacitybooze.co.uk,info@tahirmahmoodtacitybooze.co.uk
Tailored Support Home And Services,Eastbourne,East Sussex,Worker (A rating),Skilled Worker,tailoredsupporthomeandservices.co.uk,info@tailoredsupporthomeandservices.co.uk
Tap Trap Ltd,Edinburgh,Unknown,Worker (A rating),Skilled Worker,taptrapltd.co.uk,info@taptrapltd.co.uk
Tarbert Pharmacy,Tarbert,Unknown,Worker (A rating),Skilled Worker,tarbertpharmacy.co.uk,info@tarbertpharmacy.co.uk
Taste And Twist Ltd,London,Unknown,Worker (A rating),Skilled Worker,tasteandtwistltd.co.uk,info@tasteandtwistltd.co.uk
Tcm Wealth Limited,London,Unknown,Worker (A rating),Skilled Worker,tcmwealthlimited.co.uk,info@tcmwealthlimited.co.uk
Tdk Uk Limited,Bracknell,Berkshire,Worker (A rating),Skilled Worker,tdkuklimited.co.uk,info@tdkuklimited.co.uk
Team Driving Ltd,London,Unknown,Worker (A rating),Skilled Worker,teamdrivingltd.co.uk,info@teamdrivingltd.co.uk
Teamwork Ims,READING,Berkshire,Worker (A rating),Skilled Worker,teamworkims.co.uk,info@teamworkims.co.uk
Ten Kites Ltd,City of London,London,Worker (A rating),Skilled Worker,tenkitesltd.co.uk,info@tenkitesltd.co.uk
Tfc,Welling,Unknown,Worker (A rating),Skilled Worker,tfc.co.uk,info@tfc.co.uk
The Arth Catering Ltd T/A Indiawaale By The Arth,Hatch End,Unknown,Worker (A rating),Skilled Worker,thearthcateringltdtaindiawaalebythearth.co.uk,info@thearthcateringltdtaindiawaalebythearth.co.uk
The Barn Agency Ltd,LONDON,Unknown,Worker (A rating),Skilled Worker,thebarnagencyltd.co.uk,info@thebarnagencyltd.co.uk
The Beeches Uk Limited,Peterborough,Cambridgeshire,Worker (A rating),Skilled Worker,thebeechesuklimited.co.uk,info@thebeechesuklimited.co.uk
The Card Shop Ickenham Ltd,Ickenham,Unknown,Worker (A rating),Skilled Worker,thecardshopickenhamltd.co.uk,info@thecardshopickenhamltd.co.uk
The Den Fight Centre Limited,Spalding,Lincolnshire,Worker (A rating),Skilled Worker,thedenfightcentrelimited.co.uk,info@thedenfightcentrelimited.co.uk
The Egg & Veg Food Plaza Restaurant Ltd,London,Unknown,Worker (A rating),Skilled Worker,theeggvegfoodplazarestaurantltd.co.uk,info@theeggvegfoodplazarestaurantltd.co.uk
The Fund Incubator Limited,London,Unknown,Worker (A rating),Skilled Worker,thefundincubatorlimited.co.uk,info@thefundincubatorlimited.co.uk
The Greenacres Day Nursery School Ltd,Hampton Hill,Unknown,Worker (A rating),Skilled Worker,thegreenacresdaynurseryschoolltd.co.uk,info@thegreenacresdaynurseryschoolltd.co.uk
The Old Thatch Inn Ltd,Castledawson,DERRY,Worker (A rating),Skilled Worker,theoldthatchinnltd.co.uk,info@theoldthatchinnltd.co.uk
The Parochial Church Council Of The Ecclesiastical Parish Of St John The Baptist Leytonstone,London,Unknown,Worker (A rating),Tier 2 Ministers of Religion,theparochialchurchcounciloftheecclesiasticalparishofstjohnthebaptistleytonstone.co.uk,info@theparochialchurchcounciloftheecclesiasticalparishofstjohnthebaptistleytonstone.co.uk
The Salocin Group Ltd,Bath,Bath and North East Somerset,Worker (A rating),Skilled Worker,thesalocingroupltd.co.uk,info@thesalocingroupltd.co.uk
The Somers Town Community Association (Camden),Camden,Unknown,Worker (A rating),Skilled Worker,thesomerstowncommunityassociationcamden.co.uk,info@thesomerstowncommunityassociationcamden.co.uk
The Still Waters Church,WAKEFIELD,WEST YORKSHIRE,Temporary Worker (A rating),Religious Worker,thestillwaterschurch.co.uk,info@thestillwaterschurch.co.uk
The Wyld Herb Company Ltd,London,London,Worker (A rating),Skilled Worker,thewyldherbcompanyltd.co.uk,info@thewyldherbcompanyltd.co.uk
Thinjack Ltd,Westhill,Aberdeenshire,Worker (A rating),Skilled Worker,thinjackltd.co.uk,info@thinjackltd.co.uk
Tile Mania Ltd,MANCHESTER,Unknown,Worker (A rating),Skilled Worker,tilemanialtd.co.uk,info@tilemanialtd.co.uk
Titanium Autos Limited,London,Unknown,Worker (A rating),Skilled Worker,titaniumautoslimited.co.uk,info@titaniumautoslimited.co.uk
Tk Airport Solutions S.A.,Slough,Unknown,Worker (A rating),Global Business Mobility: Senior or Specialist Worker,tkairportsolutionssa.co.uk,info@tkairportsolutionssa.co.uk
Tk Airport Solutions S.A.,Slough,Unknown,Worker (A rating),Skilled Worker,tkairportsolutionssa.co.uk,info@tkairportsolutionssa.co.uk
Touch Associates Limited,Leatherhead,Surrey,Worker (A rating),Skilled Worker,touchassociateslimited.co.uk,info@touchassociateslimited.co.uk
Traditional Threads Limited,Bolton,Unknown,Worker (A rating),Skilled Worker,traditionalthreadslimited.co.uk,info@traditionalthreadslimited.co.uk
Triangulate Health Ltd,Doncaster,South Yorkshire,Worker (A rating),Skilled Worker,triangulatehealthltd.co.uk,info@triangulatehealthltd.co.uk
Trinity Trading And Consulting Limited,Huddersfield,West Yorkshire,Worker (A rating),Skilled Worker,trinitytradingandconsultinglimited.co.uk,info@trinitytradingandconsultinglimited.co.uk
Trustlayer Limited,Basingstoke,Hampshire,Worker (A rating),Skilled Worker,trustlayerlimited.co.uk,info@trustlayerlimited.co.uk
Tunnel Travel Limited,Huddersfield,Unknown,Worker (A rating),Skilled Worker,tunneltravellimited.co.uk,info@tunneltravellimited.co.uk
Ty Derlwyn Ltd,Abergavenny,Monmouthshire,Worker (A rating),Skilled Worker,tyderlwynltd.co.uk,info@tyderlwynltd.co.uk
U R Derder Travel Ltd,Sutton,Unknown,Worker (A rating),Skilled Worker,urderdertravelltd.co.uk,info@urderdertravelltd.co.uk
Uberplas Ltd,LONDON,Unknown,Worker (A rating),Skilled Worker,uberplasltd.co.uk,info@uberplasltd.co.uk
Uc World-Link Logistic And Distribution Ltd,Blackburn,Unknown,Worker (A rating),Skilled Worker,ucworldlinklogisticanddistributionltd.co.uk,info@ucworldlinklogisticanddistributionltd.co.uk
Uge Dent Ltd,LONDON,Unknown,Worker (A rating),Skilled Worker,ugedentltd.co.uk,info@ugedentltd.co.uk
Uk Car Park Ltd,Polegate,Polegate,Worker (A rating),Skilled Worker,ukcarparkltd.co.uk,info@ukcarparkltd.co.uk
Uk Netease Interactive Entertainment Limited,Surrey,Unknown,Worker (A rating),Global Business Mobility: Senior or Specialist Worker,ukneteaseinteractiveentertainmentlimited.co.uk,info@ukneteaseinteractiveentertainmentlimited.co.uk
Uk Pakiza Halal Foods Limited,Preston,Unknown,Worker (A rating),Skilled Worker,ukpakizahalalfoodslimited.co.uk,info@ukpakizahalalfoodslimited.co.uk
Uk Sequoia International Import And Export Limited,Ilford,Unknown,Worker (A rating),Skilled Worker,uksequoiainternationalimportandexportlimited.co.uk,info@uksequoiainternationalimportandexportlimited.co.uk
Ultrasound Scotland Ltd T/A Ultrasound Direct,Livingston,Unknown,Worker (A rating),Skilled Worker,ultrasoundscotlandltdtaultrasounddirect.co.uk,info@ultrasoundscotlandltdtaultrasounddirect.co.uk
Union Jacques Limited,London,- select -,Worker (A rating),Skilled Worker,unionjacqueslimited.co.uk,info@unionjacqueslimited.co.uk
Unique Fabrics (Uk) Ltd,London,Unknown,Worker (A rating),Skilled Worker,uniquefabricsukltd.co.uk,info@uniquefabricsukltd.co.uk
United Foods Chain Ltd,Dunstable,Unknown,Worker (B rating),Skilled Worker,unitedfoodschainltd.co.uk,info@unitedfoodschainltd.co.uk
United Motors Manchester Ltd,Stockport,Unknown,Worker (A rating),Skilled Worker,unitedmotorsmanchesterltd.co.uk,info@unitedmotorsmanchesterltd.co.uk
Univeron Technologies Limited,Luton,Unknown,Worker (A rating),Skilled Worker,univerontechnologieslimited.co.uk,info@univerontechnologieslimited.co.uk
Unravel Technologies Limited,London,Unknown,Worker (A rating),Skilled Worker,unraveltechnologieslimited.co.uk,info@unraveltechnologieslimited.co.uk
V & U Enterprise Ltd,Risca,Wales,Worker (A rating),Skilled Worker,vuenterpriseltd.co.uk,info@vuenterpriseltd.co.uk
V N Subs Ltd,BRIGHTON,Unknown,Worker (A rating),Skilled Worker,vnsubsltd.co.uk,info@vnsubsltd.co.uk
Valstream Ltd,Reading,Unknown,Worker (A rating),Skilled Worker,valstreamltd.co.uk,info@valstreamltd.co.uk
Vantagerise Ltd T/A Lanton Strategies International,London,Unknown,Worker (A rating),Skilled Worker,vantageriseltdtalantonstrategiesinternational.co.uk,info@vantageriseltdtalantonstrategiesinternational.co.uk
Veritycorp Ltd,London,Unknown,Worker (A rating),Skilled Worker,veritycorpltd.co.uk,info@veritycorpltd.co.uk
Vida Bank Limited,London,Unknown,Worker (A rating),Skilled Worker,vidabanklimited.co.uk,info@vidabanklimited.co.uk
Vincere Healthcare Limited,London,Unknown,Worker (A rating),Skilled Worker,vincerehealthcarelimited.co.uk,info@vincerehealthcarelimited.co.uk
Vintners Gourmet Ltd T/A Vinters Park Tandoori,Maidstone,Kent,Worker (A rating),Skilled Worker,vintnersgourmetltdtavintersparktandoori.co.uk,info@vintnersgourmetltdtavintersparktandoori.co.uk
Vinusha Ltd,"Manchester,",Unknown,Worker (A rating),Skilled Worker,vinushaltd.co.uk,info@vinushaltd.co.uk
Virtual Alliance Limited,Oxford,Oxfordshire,Worker (A rating),Skilled Worker,virtualalliancelimited.co.uk,info@virtualalliancelimited.co.uk
W.D. Stephen & Co,Nairn,Unknown,Worker (A rating),Skilled Worker,wdstephenco.co.uk,info@wdstephenco.co.uk
W.M.London Ltd,Feltham,Unknown,Worker (A rating),Skilled Worker,wmlondonltd.co.uk,info@wmlondonltd.co.uk
Wangguiren Brighton Ltd T/A Mr Wang Hot Pot Brighton,Brighton,Unknown,Worker (A rating),Skilled Worker,wangguirenbrightonltdtamrwanghotpotbrighton.co.uk,info@wangguirenbrightonltdtamrwanghotpotbrighton.co.uk
Wapping Dental Centre,LONDON,Unknown,Worker (A rating),Skilled Worker,wappingdentalcentre.co.uk,info@wappingdentalcentre.co.uk
Watford 3Pl Ltd,Watford,Unknown,Worker (A rating),Skilled Worker,watford3plltd.co.uk,info@watford3plltd.co.uk
Wayside Communications Ltd,Birmingham,Unknown,Worker (A rating),Skilled Worker,waysidecommunicationsltd.co.uk,info@waysidecommunicationsltd.co.uk
Weefin Esg Uk Ltd,LONDON,Unknown,Worker (A rating),Global Business Mobility: Senior or Specialist Worker,weefinesgukltd.co.uk,info@weefinesgukltd.co.uk
Weefin Esg Uk Ltd,LONDON,Unknown,Worker (A rating),Skilled Worker,weefinesgukltd.co.uk,info@weefinesgukltd.co.uk
Wesley Hall Community Centre,Leicester,Unknown,Worker (A rating),Skilled Worker,wesleyhallcommunitycentre.co.uk,info@wesleyhallcommunitycentre.co.uk
Westville Limited,Shirebrook,Nottinghamshire,Worker (A rating),Skilled Worker,westvillelimited.co.uk,info@westvillelimited.co.uk
Wigan Athletic Afc Limited,Wigan,Lancashire,Worker (A rating),International Sportsperson,wiganathleticafclimited.co.uk,info@wiganathleticafclimited.co.uk
Wigan Athletic Afc Limited,Wigan,Lancashire,Worker (A rating),Skilled Worker,wiganathleticafclimited.co.uk,info@wiganathleticafclimited.co.uk
William T Healthcare Ltd,Leicester,Leicester,Worker (A rating),Skilled Worker,williamthealthcareltd.co.uk,info@williamthealthcareltd.co.uk
Wimbledon Clinic,wimbledon,Select,Worker (A rating),Skilled Worker,wimbledonclinic.co.uk,info@wimbledonclinic.co.uk
Woodys 18 Limited T/A Woodstock Stores,Kilmarnock,Unknown,Worker (A rating),Skilled Worker,woodys18limitedtawoodstockstores.co.uk,info@woodys18limitedtawoodstockstores.co.uk
Worksolv Ltd,Manchester,Unknown,Worker (A rating),Skilled Worker,worksolvltd.co.uk,info@worksolvltd.co.uk
Worton Construction Limited,Isleworth,Middlesex,Worker (A rating),Skilled Worker,wortonconstructionlimited.co.uk,info@wortonconstructionlimited.co.uk
Wss Energy Consulting Limited,Woking,Surrey,Worker (A rating),Skilled Worker,wssenergyconsultinglimited.co.uk,info@wssenergyconsultinglimited.co.uk
Xenon Services Ltd,London,Unknown,Worker (A rating),Skilled Worker,xenonservicesltd.co.uk,info@xenonservicesltd.co.uk
Y Patel Limited,Chigwell,Essex,Worker (A rating),Skilled Worker,ypatellimited.co.uk,info@ypatellimited.co.uk
Yako Limited T/A Yako,Pinner,Unknown,Worker (A rating),Skilled Worker,yakolimitedtayako.co.uk,info@yakolimitedtayako.co.uk
Your Perfect Mate Ltd,BLACKBURN,Unknown,Worker (A rating),Skilled Worker,yourperfectmateltd.co.uk,info@yourperfectmateltd.co.uk
Your Trip Mate Uk Ltd,London,Unknown,Worker (UK Expansion Worker: Provisional),Global Business Mobility: UK Expansion Worker,yourtripmateukltd.co.uk,info@yourtripmateukltd.co.uk
Za Construction & Floor Fitting Ltd,Hayes,Unknown,Worker (A rating),Skilled Worker,zaconstructionfloorfittingltd.co.uk,info@zaconstructionfloorfittingltd.co.uk
Zaria Group Uk Limited,London,Unknown,Worker (A rating),Global Business Mobility: Senior or Specialist Worker,zariagroupuklimited.co.uk,info@zariagroupuklimited.co.uk
Zaria Group Uk Limited,London,Unknown,Worker (A rating),Skilled Worker,zariagroupuklimited.co.uk,info@zariagroupuklimited.co.uk
Zazus Kitchen Pubs Ltd,Bristol,Unknown,Worker (A rating),Skilled Worker,zazuskitchenpubsltd.co.uk,info@zazuskitchenpubsltd.co.uk
Zenif Agency Ltd,Bedford,Unknown,Worker (A rating),Skilled Worker,zenifagencyltd.co.uk,info@zenifagencyltd.co.uk
